n   ,h                      ,x             ,v_1                ,v_2                ,S                      ,ОЛП
0   ,0.0                    ,0.0           ,2.0                ,2.0                ,0.0                    ,0.0
1   ,0.01                   ,0.01          ,2.057232380462668  ,2.0572323752724193 ,-3.460165783527221e-10 ,5.536265253643554e-09
2   ,0.02                   ,0.03          ,2.1506116436840257 ,2.1506116519563077 ,5.514854647022579e-10  ,8.823767435236126e-09
3   ,0.04                   ,0.07          ,2.2276974432409036 ,2.227729565640367  ,2.141493297565707e-06  ,3.426389276105131e-05
4   ,0.08                   ,0.15          ,2.071695795014471  ,2.073128320850102  ,9.550172237539437e-05  ,0.00152802755800631
5   ,0.08                   ,0.23          ,1.9569291705881877 ,1.9582111346953213 ,8.546427380890324e-05  ,0.0013674283809424518
6   ,0.04                   ,0.27          ,2.0063025773908807 ,2.0075023282755717 ,7.998339231273614e-05  ,0.0012797342770037782
7   ,0.04                   ,0.31          ,2.1749842597110938 ,2.176298284225129  ,8.76016342690041e-05   ,0.0014016261483040656
8   ,0.02                   ,0.33          ,2.3318696330027047 ,2.3333582292887014 ,9.923975239978233e-05  ,0.0015878360383965173
9   ,0.000625               ,0.330625      ,2.3379001489498434 ,2.3393963423128814 ,9.974622420253118e-05  ,0.0015959395872404988
10  ,0.00015625             ,0.33078125    ,2.339420224171869  ,2.340918341285293  ,9.987447422827126e-05  ,0.0015979915876523402
11  ,7.8125e-05             ,0.330859375   ,2.3401821417807245 ,2.341681224476337  ,9.993884637416646e-05  ,0.0015990215419866634
12  ,3.90625e-05            ,0.3308984375  ,2.3405635716323245 ,2.342063138048581  ,9.997109441709877e-05  ,0.0015995375106735803
13  ,1.953125e-05           ,0.33091796875 ,2.3407544044512374 ,2.342254212960554  ,9.998723395444978e-05  ,0.0015997957432711965
14  ,9.765625e-06           ,0.33092773438 ,2.340849850350409  ,2.3423497799644846 ,9.99953076050275e-05   ,0.00159992492168044
15  ,4.8828125e-06          ,0.33093261719 ,2.34089758067448   ,2.342397570855497  ,9.999934540113978e-05  ,0.0015999895264182365
16  ,6.103515625e-07        ,0.33093322754 ,2.340903547310711  ,2.3424035450632785 ,9.999985017117297e-05  ,0.0015999976027387675
17  ,1.52587890625e-07      ,0.33093338013 ,2.3409050389817736 ,2.3424050386272524 ,9.999997636525037e-05  ,0.001599999621844006
18  ,1.9073486328125e-08    ,0.3309333992  ,2.340905225440994  ,2.342405225323087  ,9.999999213953596e-05  ,0.0015999998742325754
19  ,4.76837158203125e-09   ,0.33093340397 ,2.340905272055811  ,2.3424052719970576 ,9.999999608310736e-05  ,0.0015999999373297177
20  ,2.384185791015625e-09  ,0.33093340635 ,2.3409052953632212 ,2.3424052953340446 ,9.999999805489305e-05  ,0.0015999999688782887
21  ,1.1920928955078125e-09 ,0.33093340755 ,2.340905307016927  ,2.3424053070025384 ,9.999999904077109e-05  ,0.0015999999846523375
22  ,5.960464477539063e-10  ,0.33093340814 ,2.3409053128437796 ,2.342405312836785  ,9.999999953371012e-05  ,0.0015999999925393618
23  ,2.9802322387695313e-10 ,0.33093340844 ,2.340905315757206  ,2.3424053157539086 ,9.999999978017963e-05  ,0.001599999996482874
24  ,1.4901161193847657e-10 ,0.33093340859 ,2.3409053172139194 ,2.342405317212471  ,9.99999999034292e-05   ,0.0015999999984548671
25  ,7.450580596923828e-11  ,0.33093340866 ,2.340905317942276  ,2.3424053179417514 ,9.999999996503916e-05  ,0.0015999999994406266
26  ,3.725290298461914e-11  ,0.3309334087  ,2.3409053183064543 ,2.342405318306392  ,9.999999999585896e-05  ,0.0015999999999337434
27  ,4.656612873077393e-12  ,0.3309334087  ,2.3409053183519766 ,2.3424053183519726 ,9.999999999973733e-05  ,0.0015999999999957973
28  ,2.9103830456733704e-13 ,0.3309334087  ,2.340905318354822  ,2.342405318354821  ,9.999999999994457e-05  ,0.0015999999999991132
29  ,3.637978807091713e-14  ,0.3309334087  ,2.3409053183551776 ,2.342405318355177  ,9.999999999997419e-05  ,0.001599999999999587
30  ,1.8189894035458565e-14 ,0.3309334087  ,2.340905318355355  ,2.342405318355355  ,9.999999999997419e-05  ,0.001599999999999587
31  ,1.8189894035458565e-14 ,0.3309334087  ,2.340905318355533  ,2.3424053183555325 ,9.999999999997419e-05  ,0.001599999999999587
32  ,1.8189894035458565e-14 ,0.3309334087  ,2.3409053183557105 ,2.34240531835571   ,9.999999999997419e-05  ,0.001599999999999587
33  ,1.8189894035458565e-14 ,0.3309334087  ,2.340905318355888  ,2.3424053183558877 ,9.999999999997419e-05  ,0.001599999999999587
34  ,1.8189894035458565e-14 ,0.33093340871 ,2.3409053183560657 ,2.3424053183560654 ,9.999999999997419e-05  ,0.001599999999999587
35  ,1.8189894035458565e-14 ,0.33093340871 ,2.3409053183562434 ,2.342405318356243  ,9.999999999997419e-05  ,0.001599999999999587
36  ,1.8189894035458565e-14 ,0.33093340871 ,2.340905318356421  ,2.3424053183564206 ,9.999999999997419e-05  ,0.001599999999999587
37  ,1.8189894035458565e-14 ,0.33093340871 ,2.3409053183565987 ,2.3424053183565983 ,9.999999999997419e-05  ,0.001599999999999587
38  ,1.8189894035458565e-14 ,0.33093340871 ,2.3409053183567763 ,2.342405318356776  ,9.999999999997419e-05  ,0.001599999999999587
39  ,1.8189894035458565e-14 ,0.33093340871 ,2.340905318356954  ,2.3424053183569535 ,9.999999999997419e-05  ,0.001599999999999587
40  ,1.8189894035458565e-14 ,0.33093340871 ,2.3409053183571316 ,2.342405318357131  ,9.999999999997419e-05  ,0.001599999999999587
41  ,1.8189894035458565e-14 ,0.33093340871 ,2.340905318357309  ,2.342405318357309  ,9.999999999997419e-05  ,0.001599999999999587
42  ,1.8189894035458565e-14 ,0.33093340871 ,2.340905318357487  ,2.3424053183574864 ,9.999999999997419e-05  ,0.001599999999999587
43  ,1.8189894035458565e-14 ,0.33093340871 ,2.3409053183576645 ,2.342405318357664  ,9.999999999997419e-05  ,0.001599999999999587
44  ,1.8189894035458565e-14 ,0.33093340871 ,2.340905318357842  ,2.3424053183578417 ,9.999999999997419e-05  ,0.001599999999999587
45  ,1.8189894035458565e-14 ,0.33093340871 ,2.3409053183580197 ,2.3424053183580194 ,9.999999999997419e-05  ,0.001599999999999587
46  ,1.8189894035458565e-14 ,0.33093340871 ,2.3409053183581974 ,2.342405318358197  ,9.999999999997419e-05  ,0.001599999999999587
47  ,1.8189894035458565e-14 ,0.33093340871 ,2.340905318358375  ,2.3424053183583746 ,9.999999999997419e-05  ,0.001599999999999587
48  ,1.8189894035458565e-14 ,0.33093340871 ,2.3409053183585526 ,2.3424053183585523 ,9.999999999997419e-05  ,0.001599999999999587
49  ,1.8189894035458565e-14 ,0.33093340871 ,2.3409053183587303 ,2.34240531835873   ,9.999999999997419e-05  ,0.001599999999999587
50  ,1.8189894035458565e-14 ,0.33093340871 ,2.340905318358908  ,2.3424053183589075 ,9.999999999997419e-05  ,0.001599999999999587
51  ,1.8189894035458565e-14 ,0.33093340871 ,2.3409053183590856 ,2.342405318359085  ,9.999999999997419e-05  ,0.001599999999999587
52  ,1.8189894035458565e-14 ,0.33093340871 ,2.340905318359263  ,2.342405318359263  ,9.999999999997419e-05  ,0.001599999999999587
53  ,1.8189894035458565e-14 ,0.33093340871 ,2.340905318359441  ,2.3424053183594404 ,9.999999999997419e-05  ,0.001599999999999587
54  ,1.8189894035458565e-14 ,0.33093340871 ,2.3409053183596185 ,2.342405318359618  ,9.999999999997419e-05  ,0.001599999999999587
55  ,1.8189894035458565e-14 ,0.33093340871 ,2.340905318359796  ,2.3424053183597957 ,9.999999999997419e-05  ,0.001599999999999587
56  ,1.8189894035458565e-14 ,0.33093340871 ,2.3409053183599737 ,2.3424053183599733 ,9.999999999997419e-05  ,0.001599999999999587
57  ,1.8189894035458565e-14 ,0.33093340871 ,2.3409053183601514 ,2.342405318360151  ,9.999999999997419e-05  ,0.001599999999999587
58  ,1.8189894035458565e-14 ,0.33093340871 ,2.340905318360329  ,2.3424053183603286 ,9.999999999997419e-05  ,0.001599999999999587
59  ,1.8189894035458565e-14 ,0.33093340871 ,2.3409053183605066 ,2.3424053183605063 ,9.999999999997419e-05  ,0.001599999999999587
60  ,1.8189894035458565e-14 ,0.33093340871 ,2.3409053183606843 ,2.342405318360684  ,9.999999999997419e-05  ,0.001599999999999587
61  ,1.8189894035458565e-14 ,0.33093340871 ,2.340905318360862  ,2.3424053183608615 ,9.999999999997419e-05  ,0.001599999999999587
62  ,1.8189894035458565e-14 ,0.33093340871 ,2.3409053183610395 ,2.342405318361039  ,9.999999999997419e-05  ,0.001599999999999587
63  ,1.8189894035458565e-14 ,0.33093340871 ,2.340905318361217  ,2.342405318361217  ,9.999999999997419e-05  ,0.001599999999999587
64  ,1.8189894035458565e-14 ,0.33093340871 ,2.340905318361395  ,2.3424053183613944 ,9.999999999997419e-05  ,0.001599999999999587
65  ,1.8189894035458565e-14 ,0.33093340871 ,2.3409053183615725 ,2.342405318361572  ,9.999999999997419e-05  ,0.001599999999999587
66  ,1.8189894035458565e-14 ,0.33093340871 ,2.34090531836175   ,2.3424053183617497 ,9.999999999997419e-05  ,0.001599999999999587
67  ,1.8189894035458565e-14 ,0.33093340871 ,2.3409053183619277 ,2.3424053183619273 ,9.999999999997419e-05  ,0.001599999999999587
68  ,1.8189894035458565e-14 ,0.33093340871 ,2.3409053183621054 ,2.342405318362105  ,9.999999999997419e-05  ,0.001599999999999587
69  ,1.8189894035458565e-14 ,0.33093340871 ,2.340905318362283  ,2.3424053183622826 ,9.999999999997419e-05  ,0.001599999999999587
70  ,1.8189894035458565e-14 ,0.33093340871 ,2.3409053183624606 ,2.3424053183624602 ,9.999999999997419e-05  ,0.001599999999999587
71  ,1.8189894035458565e-14 ,0.33093340871 ,2.3409053183626383 ,2.342405318362638  ,9.999999999997419e-05  ,0.001599999999999587
72  ,1.8189894035458565e-14 ,0.33093340871 ,2.340905318362816  ,2.3424053183628155 ,9.999999999997419e-05  ,0.001599999999999587
73  ,1.8189894035458565e-14 ,0.33093340871 ,2.3409053183629935 ,2.342405318362993  ,9.999999999997419e-05  ,0.001599999999999587
74  ,1.8189894035458565e-14 ,0.33093340871 ,2.340905318363171  ,2.342405318363171  ,9.999999999997419e-05  ,0.001599999999999587
75  ,1.8189894035458565e-14 ,0.33093340871 ,2.340905318363349  ,2.3424053183633484 ,9.999999999997419e-05  ,0.001599999999999587
76  ,1.8189894035458565e-14 ,0.33093340871 ,2.3409053183635264 ,2.342405318363526  ,9.999999999997419e-05  ,0.001599999999999587
77  ,1.8189894035458565e-14 ,0.33093340871 ,2.340905318363704  ,2.3424053183637037 ,9.999999999997419e-05  ,0.001599999999999587
78  ,1.8189894035458565e-14 ,0.33093340871 ,2.3409053183638817 ,2.3424053183638813 ,9.999999999997419e-05  ,0.001599999999999587
79  ,1.8189894035458565e-14 ,0.33093340871 ,2.3409053183640594 ,2.342405318364059  ,9.999999999997419e-05  ,0.001599999999999587
80  ,1.8189894035458565e-14 ,0.33093340871 ,2.340905318364237  ,2.3424053183642366 ,9.999999999997419e-05  ,0.001599999999999587
81  ,1.8189894035458565e-14 ,0.33093340871 ,2.3409053183644146 ,2.3424053183644142 ,9.999999999997419e-05  ,0.001599999999999587
82  ,1.8189894035458565e-14 ,0.33093340871 ,2.3409053183645923 ,2.342405318364592  ,9.999999999997419e-05  ,0.001599999999999587
83  ,1.8189894035458565e-14 ,0.33093340871 ,2.34090531836477   ,2.3424053183647695 ,9.999999999997419e-05  ,0.001599999999999587
84  ,1.8189894035458565e-14 ,0.33093340871 ,2.3409053183649475 ,2.342405318364947  ,9.999999999997419e-05  ,0.001599999999999587
85  ,1.8189894035458565e-14 ,0.33093340871 ,2.340905318365125  ,2.3424053183651248 ,9.999999999997419e-05  ,0.001599999999999587
86  ,1.8189894035458565e-14 ,0.33093340871 ,2.340905318365303  ,2.3424053183653024 ,9.999999999997419e-05  ,0.001599999999999587
87  ,1.8189894035458565e-14 ,0.33093340871 ,2.3409053183654804 ,2.34240531836548   ,9.999999999997419e-05  ,0.001599999999999587
88  ,1.8189894035458565e-14 ,0.33093340871 ,2.340905318365658  ,2.3424053183656577 ,9.999999999997419e-05  ,0.001599999999999587
89  ,1.8189894035458565e-14 ,0.33093340871 ,2.3409053183658357 ,2.3424053183658353 ,9.999999999997419e-05  ,0.001599999999999587
90  ,1.8189894035458565e-14 ,0.33093340871 ,2.3409053183660133 ,2.342405318366013  ,9.999999999997419e-05  ,0.001599999999999587
91  ,1.8189894035458565e-14 ,0.33093340871 ,2.340905318366191  ,2.3424053183661906 ,9.999999999997419e-05  ,0.001599999999999587
92  ,1.8189894035458565e-14 ,0.33093340871 ,2.3409053183663686 ,2.3424053183663682 ,9.999999999997419e-05  ,0.001599999999999587
93  ,1.8189894035458565e-14 ,0.33093340871 ,2.3409053183665463 ,2.342405318366546  ,9.999999999997419e-05  ,0.001599999999999587
94  ,1.8189894035458565e-14 ,0.33093340871 ,2.340905318366724  ,2.3424053183667235 ,9.999999999997419e-05  ,0.001599999999999587
95  ,1.8189894035458565e-14 ,0.33093340871 ,2.3409053183669015 ,2.342405318366901  ,9.999999999997419e-05  ,0.001599999999999587
96  ,1.8189894035458565e-14 ,0.33093340871 ,2.340905318367079  ,2.3424053183670788 ,9.999999999997419e-05  ,0.001599999999999587
97  ,1.8189894035458565e-14 ,0.33093340871 ,2.340905318367257  ,2.3424053183672564 ,9.999999999997419e-05  ,0.001599999999999587
98  ,1.8189894035458565e-14 ,0.33093340871 ,2.3409053183674344 ,2.342405318367434  ,9.999999999997419e-05  ,0.001599999999999587
99  ,1.8189894035458565e-14 ,0.33093340871 ,2.340905318367612  ,2.3424053183676117 ,9.999999999997419e-05  ,0.001599999999999587
100 ,1.8189894035458565e-14 ,0.33093340871 ,2.3409053183677897 ,2.3424053183677893 ,9.999999999997419e-05  ,0.001599999999999587
101 ,1.8189894035458565e-14 ,0.33093340871 ,2.3409053183679673 ,2.342405318367967  ,9.999999999997419e-05  ,0.001599999999999587
102 ,1.8189894035458565e-14 ,0.33093340871 ,2.340905318368145  ,2.3424053183681446 ,9.999999999997419e-05  ,0.001599999999999587
103 ,1.8189894035458565e-14 ,0.33093340871 ,2.3409053183683226 ,2.342405318368322  ,9.999999999997419e-05  ,0.001599999999999587
104 ,1.8189894035458565e-14 ,0.33093340871 ,2.3409053183685002 ,2.3424053183685    ,9.999999999997419e-05  ,0.001599999999999587
105 ,1.8189894035458565e-14 ,0.33093340871 ,2.340905318368678  ,2.3424053183686775 ,9.999999999997419e-05  ,0.001599999999999587
106 ,1.8189894035458565e-14 ,0.33093340871 ,2.3409053183688555 ,2.342405318368855  ,9.999999999997419e-05  ,0.001599999999999587
107 ,1.8189894035458565e-14 ,0.33093340871 ,2.340905318369033  ,2.3424053183690328 ,9.999999999997419e-05  ,0.001599999999999587
108 ,1.8189894035458565e-14 ,0.33093340871 ,2.340905318369211  ,2.3424053183692104 ,9.999999999997419e-05  ,0.001599999999999587
109 ,1.8189894035458565e-14 ,0.33093340871 ,2.3409053183693884 ,2.342405318369388  ,9.999999999997419e-05  ,0.001599999999999587
110 ,1.8189894035458565e-14 ,0.33093340871 ,2.340905318369566  ,2.3424053183695657 ,9.999999999997419e-05  ,0.001599999999999587
111 ,1.8189894035458565e-14 ,0.33093340871 ,2.3409053183697437 ,2.3424053183697433 ,9.999999999997419e-05  ,0.001599999999999587
112 ,1.8189894035458565e-14 ,0.33093340871 ,2.3409053183699213 ,2.342405318369921  ,9.999999999997419e-05  ,0.001599999999999587
113 ,1.8189894035458565e-14 ,0.33093340871 ,2.340905318370099  ,2.3424053183700986 ,9.999999999997419e-05  ,0.001599999999999587
114 ,1.8189894035458565e-14 ,0.33093340871 ,2.3409053183702766 ,2.342405318370276  ,9.999999999997419e-05  ,0.001599999999999587
115 ,1.8189894035458565e-14 ,0.33093340871 ,2.3409053183704542 ,2.342405318370454  ,9.999999999997419e-05  ,0.001599999999999587
116 ,1.8189894035458565e-14 ,0.33093340871 ,2.340905318370632  ,2.3424053183706315 ,9.999999999997419e-05  ,0.001599999999999587
117 ,1.8189894035458565e-14 ,0.33093340871 ,2.3409053183708095 ,2.342405318370809  ,9.999999999997419e-05  ,0.001599999999999587
118 ,1.8189894035458565e-14 ,0.33093340871 ,2.340905318370987  ,2.3424053183709868 ,9.999999999997419e-05  ,0.001599999999999587
119 ,1.8189894035458565e-14 ,0.33093340871 ,2.340905318371165  ,2.3424053183711644 ,9.999999999997419e-05  ,0.001599999999999587
120 ,1.8189894035458565e-14 ,0.33093340871 ,2.3409053183713424 ,2.342405318371342  ,9.999999999997419e-05  ,0.001599999999999587
121 ,1.8189894035458565e-14 ,0.33093340871 ,2.34090531837152   ,2.3424053183715197 ,9.999999999997419e-05  ,0.001599999999999587
122 ,1.8189894035458565e-14 ,0.33093340871 ,2.3409053183716977 ,2.3424053183716973 ,9.999999999997419e-05  ,0.001599999999999587
123 ,1.8189894035458565e-14 ,0.33093340871 ,2.3409053183718753 ,2.342405318371875  ,9.999999999997419e-05  ,0.001599999999999587
124 ,1.8189894035458565e-14 ,0.33093340871 ,2.340905318372053  ,2.3424053183720526 ,9.999999999997419e-05  ,0.001599999999999587
125 ,1.8189894035458565e-14 ,0.33093340871 ,2.3409053183722306 ,2.34240531837223   ,9.999999999997419e-05  ,0.001599999999999587
126 ,1.8189894035458565e-14 ,0.33093340871 ,2.3409053183724082 ,2.342405318372408  ,9.999999999997419e-05  ,0.001599999999999587
127 ,1.8189894035458565e-14 ,0.33093340871 ,2.340905318372586  ,2.3424053183725855 ,9.999999999997419e-05  ,0.001599999999999587
128 ,1.8189894035458565e-14 ,0.33093340871 ,2.3409053183727635 ,2.342405318372763  ,9.999999999997419e-05  ,0.001599999999999587
129 ,1.8189894035458565e-14 ,0.33093340871 ,2.340905318372941  ,2.3424053183729407 ,9.999999999997419e-05  ,0.001599999999999587
130 ,1.8189894035458565e-14 ,0.33093340871 ,2.3409053183731188 ,2.3424053183731184 ,9.999999999997419e-05  ,0.001599999999999587
131 ,1.8189894035458565e-14 ,0.33093340871 ,2.3409053183732964 ,2.342405318373296  ,9.999999999997419e-05  ,0.001599999999999587
132 ,1.8189894035458565e-14 ,0.33093340871 ,2.340905318373474  ,2.3424053183734737 ,9.999999999997419e-05  ,0.001599999999999587
133 ,1.8189894035458565e-14 ,0.33093340871 ,2.3409053183736517 ,2.3424053183736513 ,9.999999999997419e-05  ,0.001599999999999587
134 ,1.8189894035458565e-14 ,0.33093340871 ,2.3409053183738293 ,2.342405318373829  ,9.999999999997419e-05  ,0.001599999999999587
135 ,1.8189894035458565e-14 ,0.33093340871 ,2.340905318374007  ,2.3424053183740066 ,9.999999999997419e-05  ,0.001599999999999587
136 ,1.8189894035458565e-14 ,0.33093340871 ,2.3409053183741846 ,2.342405318374184  ,9.999999999997419e-05  ,0.001599999999999587
137 ,1.8189894035458565e-14 ,0.33093340871 ,2.340905318374362  ,2.342405318374362  ,9.999999999997419e-05  ,0.001599999999999587
138 ,1.8189894035458565e-14 ,0.33093340871 ,2.34090531837454   ,2.3424053183745395 ,9.999999999997419e-05  ,0.001599999999999587
139 ,1.8189894035458565e-14 ,0.33093340871 ,2.3409053183747175 ,2.342405318374717  ,9.999999999997419e-05  ,0.001599999999999587
140 ,1.8189894035458565e-14 ,0.33093340871 ,2.340905318374895  ,2.3424053183748947 ,9.999999999997419e-05  ,0.001599999999999587
141 ,1.8189894035458565e-14 ,0.33093340871 ,2.3409053183750728 ,2.3424053183750724 ,9.999999999997419e-05  ,0.001599999999999587
142 ,1.8189894035458565e-14 ,0.33093340871 ,2.3409053183752504 ,2.34240531837525   ,9.999999999997419e-05  ,0.001599999999999587
143 ,1.8189894035458565e-14 ,0.33093340871 ,2.340905318375428  ,2.3424053183754276 ,9.999999999997419e-05  ,0.001599999999999587
144 ,1.8189894035458565e-14 ,0.33093340871 ,2.3409053183756057 ,2.3424053183756053 ,9.999999999997419e-05  ,0.001599999999999587
145 ,1.8189894035458565e-14 ,0.33093340871 ,2.3409053183757833 ,2.342405318375783  ,9.999999999997419e-05  ,0.001599999999999587
146 ,1.8189894035458565e-14 ,0.33093340871 ,2.340905318375961  ,2.3424053183759606 ,9.999999999997419e-05  ,0.001599999999999587
147 ,1.8189894035458565e-14 ,0.33093340871 ,2.3409053183761386 ,2.342405318376138  ,9.999999999997419e-05  ,0.001599999999999587
148 ,1.8189894035458565e-14 ,0.33093340871 ,2.340905318376316  ,2.342405318376316  ,9.999999999997419e-05  ,0.001599999999999587
149 ,1.8189894035458565e-14 ,0.33093340871 ,2.340905318376494  ,2.3424053183764935 ,9.999999999997419e-05  ,0.001599999999999587
150 ,1.8189894035458565e-14 ,0.33093340871 ,2.3409053183766715 ,2.342405318376671  ,9.999999999997419e-05  ,0.001599999999999587
151 ,1.8189894035458565e-14 ,0.33093340871 ,2.340905318376849  ,2.3424053183768487 ,9.999999999997419e-05  ,0.001599999999999587
152 ,1.8189894035458565e-14 ,0.33093340871 ,2.3409053183770268 ,2.3424053183770264 ,9.999999999997419e-05  ,0.001599999999999587
153 ,1.8189894035458565e-14 ,0.33093340871 ,2.3409053183772044 ,2.342405318377204  ,9.999999999997419e-05  ,0.001599999999999587
154 ,1.8189894035458565e-14 ,0.33093340871 ,2.340905318377382  ,2.3424053183773816 ,9.999999999997419e-05  ,0.001599999999999587
155 ,1.8189894035458565e-14 ,0.33093340871 ,2.3409053183775597 ,2.3424053183775593 ,9.999999999997419e-05  ,0.001599999999999587
156 ,1.8189894035458565e-14 ,0.33093340871 ,2.3409053183777373 ,2.342405318377737  ,9.999999999997419e-05  ,0.001599999999999587
157 ,1.8189894035458565e-14 ,0.33093340871 ,2.340905318377915  ,2.3424053183779145 ,9.999999999997419e-05  ,0.001599999999999587
158 ,1.8189894035458565e-14 ,0.33093340871 ,2.3409053183780926 ,2.342405318378092  ,9.999999999997419e-05  ,0.001599999999999587
159 ,1.8189894035458565e-14 ,0.33093340871 ,2.34090531837827   ,2.34240531837827   ,9.999999999997419e-05  ,0.001599999999999587
160 ,1.8189894035458565e-14 ,0.33093340871 ,2.340905318378448  ,2.3424053183784475 ,9.999999999997419e-05  ,0.001599999999999587
161 ,1.8189894035458565e-14 ,0.33093340871 ,2.3409053183786255 ,2.342405318378625  ,9.999999999997419e-05  ,0.001599999999999587
162 ,1.8189894035458565e-14 ,0.33093340871 ,2.340905318378803  ,2.3424053183788027 ,9.999999999997419e-05  ,0.001599999999999587
163 ,1.8189894035458565e-14 ,0.33093340871 ,2.3409053183789807 ,2.3424053183789804 ,9.999999999997419e-05  ,0.001599999999999587
164 ,1.8189894035458565e-14 ,0.33093340871 ,2.3409053183791584 ,2.342405318379158  ,9.999999999997419e-05  ,0.001599999999999587
165 ,1.8189894035458565e-14 ,0.33093340871 ,2.340905318379336  ,2.3424053183793356 ,9.999999999997419e-05  ,0.001599999999999587
166 ,1.8189894035458565e-14 ,0.33093340871 ,2.3409053183795137 ,2.3424053183795133 ,9.999999999997419e-05  ,0.001599999999999587
167 ,1.8189894035458565e-14 ,0.33093340871 ,2.3409053183796913 ,2.342405318379691  ,9.999999999997419e-05  ,0.001599999999999587
168 ,1.8189894035458565e-14 ,0.33093340871 ,2.340905318379869  ,2.3424053183798685 ,9.999999999997419e-05  ,0.001599999999999587
169 ,1.8189894035458565e-14 ,0.33093340871 ,2.3409053183800466 ,2.342405318380046  ,9.999999999997419e-05  ,0.001599999999999587
170 ,1.8189894035458565e-14 ,0.33093340871 ,2.340905318380224  ,2.342405318380224  ,9.999999999997419e-05  ,0.001599999999999587
171 ,1.8189894035458565e-14 ,0.33093340871 ,2.340905318380402  ,2.3424053183804014 ,9.999999999997419e-05  ,0.001599999999999587
172 ,1.8189894035458565e-14 ,0.33093340871 ,2.3409053183805795 ,2.342405318380579  ,9.999999999997419e-05  ,0.001599999999999587
173 ,1.8189894035458565e-14 ,0.33093340871 ,2.340905318380757  ,2.3424053183807567 ,9.999999999997419e-05  ,0.001599999999999587
174 ,1.8189894035458565e-14 ,0.33093340871 ,2.3409053183809347 ,2.3424053183809344 ,9.999999999997419e-05  ,0.001599999999999587
175 ,1.8189894035458565e-14 ,0.33093340871 ,2.3409053183811124 ,2.342405318381112  ,9.999999999997419e-05  ,0.001599999999999587
176 ,1.8189894035458565e-14 ,0.33093340871 ,2.34090531838129   ,2.3424053183812896 ,9.999999999997419e-05  ,0.001599999999999587
177 ,1.8189894035458565e-14 ,0.33093340871 ,2.3409053183814676 ,2.3424053183814673 ,9.999999999997419e-05  ,0.001599999999999587
178 ,1.8189894035458565e-14 ,0.33093340871 ,2.3409053183816453 ,2.342405318381645  ,9.999999999997419e-05  ,0.001599999999999587
179 ,1.8189894035458565e-14 ,0.33093340871 ,2.340905318381823  ,2.3424053183818225 ,9.999999999997419e-05  ,0.001599999999999587
180 ,1.8189894035458565e-14 ,0.33093340871 ,2.3409053183820006 ,2.342405318382     ,9.999999999997419e-05  ,0.001599999999999587
181 ,1.8189894035458565e-14 ,0.33093340871 ,2.340905318382178  ,2.342405318382178  ,9.999999999997419e-05  ,0.001599999999999587
182 ,1.8189894035458565e-14 ,0.33093340871 ,2.340905318382356  ,2.3424053183823554 ,9.999999999997419e-05  ,0.001599999999999587
183 ,1.8189894035458565e-14 ,0.33093340871 ,2.3409053183825335 ,2.342405318382533  ,9.999999999997419e-05  ,0.001599999999999587
184 ,1.8189894035458565e-14 ,0.33093340871 ,2.340905318382711  ,2.3424053183827107 ,9.999999999997419e-05  ,0.001599999999999587
185 ,1.8189894035458565e-14 ,0.33093340871 ,2.3409053183828887 ,2.3424053183828883 ,9.999999999997419e-05  ,0.001599999999999587
186 ,1.8189894035458565e-14 ,0.33093340871 ,2.3409053183830664 ,2.342405318383066  ,9.999999999997419e-05  ,0.001599999999999587
187 ,1.8189894035458565e-14 ,0.33093340871 ,2.340905318383244  ,2.3424053183832436 ,9.999999999997419e-05  ,0.001599999999999587
188 ,1.8189894035458565e-14 ,0.33093340871 ,2.3409053183834216 ,2.3424053183834213 ,9.999999999997419e-05  ,0.001599999999999587
189 ,1.8189894035458565e-14 ,0.33093340871 ,2.3409053183835993 ,2.342405318383599  ,9.999999999997419e-05  ,0.001599999999999587
190 ,1.8189894035458565e-14 ,0.33093340871 ,2.340905318383777  ,2.3424053183837765 ,9.999999999997419e-05  ,0.001599999999999587
191 ,1.8189894035458565e-14 ,0.33093340871 ,2.3409053183839545 ,2.342405318383954  ,9.999999999997419e-05  ,0.001599999999999587
192 ,1.8189894035458565e-14 ,0.33093340871 ,2.340905318384132  ,2.342405318384132  ,9.999999999997419e-05  ,0.001599999999999587
193 ,1.8189894035458565e-14 ,0.33093340871 ,2.34090531838431   ,2.3424053183843094 ,9.999999999997419e-05  ,0.001599999999999587
194 ,1.8189894035458565e-14 ,0.33093340871 ,2.3409053183844875 ,2.342405318384487  ,9.999999999997419e-05  ,0.001599999999999587
195 ,1.8189894035458565e-14 ,0.33093340871 ,2.340905318384665  ,2.3424053183846647 ,9.999999999997419e-05  ,0.001599999999999587
196 ,1.8189894035458565e-14 ,0.33093340871 ,2.3409053183848427 ,2.3424053183848423 ,9.999999999997419e-05  ,0.001599999999999587
197 ,1.8189894035458565e-14 ,0.33093340871 ,2.3409053183850204 ,2.34240531838502   ,9.999999999997419e-05  ,0.001599999999999587
198 ,1.8189894035458565e-14 ,0.33093340871 ,2.340905318385198  ,2.3424053183851976 ,9.999999999997419e-05  ,0.001599999999999587
199 ,1.8189894035458565e-14 ,0.33093340871 ,2.3409053183853756 ,2.3424053183853752 ,9.999999999997419e-05  ,0.001599999999999587
200 ,1.8189894035458565e-14 ,0.33093340871 ,2.3409053183855533 ,2.342405318385553  ,9.999999999997419e-05  ,0.001599999999999587
201 ,1.8189894035458565e-14 ,0.33093340871 ,2.340905318385731  ,2.3424053183857305 ,9.999999999997419e-05  ,0.001599999999999587
202 ,1.8189894035458565e-14 ,0.33093340871 ,2.3409053183859085 ,2.342405318385908  ,9.999999999997419e-05  ,0.001599999999999587
203 ,1.8189894035458565e-14 ,0.33093340871 ,2.340905318386086  ,2.342405318386086  ,9.999999999997419e-05  ,0.001599999999999587
204 ,1.8189894035458565e-14 ,0.33093340871 ,2.340905318386264  ,2.3424053183862634 ,9.999999999997419e-05  ,0.001599999999999587
205 ,1.8189894035458565e-14 ,0.33093340871 ,2.3409053183864414 ,2.342405318386441  ,9.999999999997419e-05  ,0.001599999999999587
206 ,1.8189894035458565e-14 ,0.33093340871 ,2.340905318386619  ,2.3424053183866187 ,9.999999999997419e-05  ,0.001599999999999587
207 ,1.8189894035458565e-14 ,0.33093340871 ,2.3409053183867967 ,2.3424053183867963 ,9.999999999997419e-05  ,0.001599999999999587
208 ,1.8189894035458565e-14 ,0.33093340871 ,2.3409053183869744 ,2.342405318386974  ,9.999999999997419e-05  ,0.001599999999999587
209 ,1.8189894035458565e-14 ,0.33093340871 ,2.340905318387152  ,2.3424053183871516 ,9.999999999997419e-05  ,0.001599999999999587
210 ,1.8189894035458565e-14 ,0.33093340871 ,2.3409053183873296 ,2.3424053183873292 ,9.999999999997419e-05  ,0.001599999999999587
211 ,1.8189894035458565e-14 ,0.33093340871 ,2.3409053183875073 ,2.342405318387507  ,9.999999999997419e-05  ,0.001599999999999587
212 ,1.8189894035458565e-14 ,0.33093340871 ,2.340905318387685  ,2.3424053183876845 ,9.999999999997419e-05  ,0.001599999999999587
213 ,1.8189894035458565e-14 ,0.33093340871 ,2.3409053183878625 ,2.342405318387862  ,9.999999999997419e-05  ,0.001599999999999587
214 ,1.8189894035458565e-14 ,0.33093340871 ,2.34090531838804   ,2.34240531838804   ,9.999999999997419e-05  ,0.001599999999999587
215 ,1.8189894035458565e-14 ,0.33093340871 ,2.340905318388218  ,2.3424053183882174 ,9.999999999997419e-05  ,0.001599999999999587
216 ,1.8189894035458565e-14 ,0.33093340871 ,2.3409053183883954 ,2.342405318388395  ,9.999999999997419e-05  ,0.001599999999999587
217 ,1.8189894035458565e-14 ,0.33093340871 ,2.340905318388573  ,2.3424053183885727 ,9.999999999997419e-05  ,0.001599999999999587
218 ,1.8189894035458565e-14 ,0.33093340871 ,2.3409053183887507 ,2.3424053183887503 ,9.999999999997419e-05  ,0.001599999999999587
219 ,1.8189894035458565e-14 ,0.33093340871 ,2.3409053183889283 ,2.342405318388928  ,9.999999999997419e-05  ,0.001599999999999587
220 ,1.8189894035458565e-14 ,0.33093340871 ,2.340905318389106  ,2.3424053183891056 ,9.999999999997419e-05  ,0.001599999999999587
221 ,1.8189894035458565e-14 ,0.33093340871 ,2.3409053183892836 ,2.3424053183892832 ,9.999999999997419e-05  ,0.001599999999999587
222 ,1.8189894035458565e-14 ,0.33093340871 ,2.3409053183894613 ,2.342405318389461  ,9.999999999997419e-05  ,0.001599999999999587
223 ,1.8189894035458565e-14 ,0.33093340871 ,2.340905318389639  ,2.3424053183896385 ,9.999999999997419e-05  ,0.001599999999999587
224 ,1.8189894035458565e-14 ,0.33093340871 ,2.3409053183898165 ,2.342405318389816  ,9.999999999997419e-05  ,0.001599999999999587
225 ,1.8189894035458565e-14 ,0.33093340871 ,2.340905318389994  ,2.3424053183899938 ,9.999999999997419e-05  ,0.001599999999999587
226 ,1.8189894035458565e-14 ,0.33093340871 ,2.340905318390172  ,2.3424053183901714 ,9.999999999997419e-05  ,0.001599999999999587
227 ,1.8189894035458565e-14 ,0.33093340871 ,2.3409053183903494 ,2.342405318390349  ,9.999999999997419e-05  ,0.001599999999999587
228 ,1.8189894035458565e-14 ,0.33093340871 ,2.340905318390527  ,2.3424053183905267 ,9.999999999997419e-05  ,0.001599999999999587
229 ,1.8189894035458565e-14 ,0.33093340871 ,2.3409053183907047 ,2.3424053183907043 ,9.999999999997419e-05  ,0.001599999999999587
230 ,1.8189894035458565e-14 ,0.33093340871 ,2.3409053183908823 ,2.342405318390882  ,9.999999999997419e-05  ,0.001599999999999587
231 ,1.8189894035458565e-14 ,0.33093340871 ,2.34090531839106   ,2.3424053183910596 ,9.999999999997419e-05  ,0.001599999999999587
232 ,1.8189894035458565e-14 ,0.33093340871 ,2.3409053183912376 ,2.3424053183912372 ,9.999999999997419e-05  ,0.001599999999999587
233 ,1.8189894035458565e-14 ,0.33093340871 ,2.3409053183914152 ,2.342405318391415  ,9.999999999997419e-05  ,0.001599999999999587
234 ,1.8189894035458565e-14 ,0.33093340871 ,2.340905318391593  ,2.3424053183915925 ,9.999999999997419e-05  ,0.001599999999999587
235 ,1.8189894035458565e-14 ,0.33093340871 ,2.3409053183917705 ,2.34240531839177   ,9.999999999997419e-05  ,0.001599999999999587
236 ,1.8189894035458565e-14 ,0.33093340871 ,2.340905318391948  ,2.3424053183919478 ,9.999999999997419e-05  ,0.001599999999999587
237 ,1.8189894035458565e-14 ,0.33093340871 ,2.340905318392126  ,2.3424053183921254 ,9.999999999997419e-05  ,0.001599999999999587
238 ,1.8189894035458565e-14 ,0.33093340871 ,2.3409053183923034 ,2.342405318392303  ,9.999999999997419e-05  ,0.001599999999999587
239 ,1.8189894035458565e-14 ,0.33093340871 ,2.340905318392481  ,2.3424053183924807 ,9.999999999997419e-05  ,0.001599999999999587
240 ,1.8189894035458565e-14 ,0.33093340871 ,2.3409053183926587 ,2.3424053183926583 ,9.999999999997419e-05  ,0.001599999999999587
241 ,1.8189894035458565e-14 ,0.33093340871 ,2.3409053183928363 ,2.342405318392836  ,9.999999999997419e-05  ,0.001599999999999587
242 ,1.8189894035458565e-14 ,0.33093340871 ,2.340905318393014  ,2.3424053183930136 ,9.999999999997419e-05  ,0.001599999999999587
243 ,1.8189894035458565e-14 ,0.33093340871 ,2.3409053183931916 ,2.342405318393191  ,9.999999999997419e-05  ,0.001599999999999587
244 ,1.8189894035458565e-14 ,0.33093340871 ,2.3409053183933692 ,2.342405318393369  ,9.999999999997419e-05  ,0.001599999999999587
245 ,1.8189894035458565e-14 ,0.33093340871 ,2.340905318393547  ,2.3424053183935465 ,9.999999999997419e-05  ,0.001599999999999587
246 ,1.8189894035458565e-14 ,0.33093340871 ,2.3409053183937245 ,2.342405318393724  ,9.999999999997419e-05  ,0.001599999999999587
247 ,1.8189894035458565e-14 ,0.33093340871 ,2.340905318393902  ,2.3424053183939018 ,9.999999999997419e-05  ,0.001599999999999587
248 ,1.8189894035458565e-14 ,0.33093340871 ,2.34090531839408   ,2.3424053183940794 ,9.999999999997419e-05  ,0.001599999999999587
249 ,1.8189894035458565e-14 ,0.33093340871 ,2.3409053183942574 ,2.342405318394257  ,9.999999999997419e-05  ,0.001599999999999587
250 ,1.8189894035458565e-14 ,0.33093340871 ,2.340905318394435  ,2.3424053183944347 ,9.999999999997419e-05  ,0.001599999999999587
251 ,1.8189894035458565e-14 ,0.33093340871 ,2.3409053183946127 ,2.3424053183946123 ,9.999999999997419e-05  ,0.001599999999999587
252 ,1.8189894035458565e-14 ,0.33093340871 ,2.3409053183947903 ,2.34240531839479   ,9.999999999997419e-05  ,0.001599999999999587
253 ,1.8189894035458565e-14 ,0.33093340871 ,2.340905318394968  ,2.3424053183949676 ,9.999999999997419e-05  ,0.001599999999999587
254 ,1.8189894035458565e-14 ,0.33093340871 ,2.3409053183951456 ,2.342405318395145  ,9.999999999997419e-05  ,0.001599999999999587
255 ,1.8189894035458565e-14 ,0.33093340871 ,2.3409053183953232 ,2.342405318395323  ,9.999999999997419e-05  ,0.001599999999999587
256 ,1.8189894035458565e-14 ,0.33093340871 ,2.340905318395501  ,2.3424053183955005 ,9.999999999997419e-05  ,0.001599999999999587
257 ,1.8189894035458565e-14 ,0.33093340871 ,2.3409053183956785 ,2.342405318395678  ,9.999999999997419e-05  ,0.001599999999999587
258 ,1.8189894035458565e-14 ,0.33093340871 ,2.340905318395856  ,2.3424053183958558 ,9.999999999997419e-05  ,0.001599999999999587
259 ,1.8189894035458565e-14 ,0.33093340871 ,2.3409053183960338 ,2.3424053183960334 ,9.999999999997419e-05  ,0.001599999999999587
260 ,1.8189894035458565e-14 ,0.33093340871 ,2.3409053183962114 ,2.342405318396211  ,9.999999999997419e-05  ,0.001599999999999587
261 ,1.8189894035458565e-14 ,0.33093340871 ,2.340905318396389  ,2.3424053183963887 ,9.999999999997419e-05  ,0.001599999999999587
262 ,1.8189894035458565e-14 ,0.33093340871 ,2.3409053183965667 ,2.3424053183965663 ,9.999999999997419e-05  ,0.001599999999999587
263 ,1.8189894035458565e-14 ,0.33093340871 ,2.3409053183967443 ,2.342405318396744  ,9.999999999997419e-05  ,0.001599999999999587
264 ,1.8189894035458565e-14 ,0.33093340871 ,2.340905318396922  ,2.3424053183969216 ,9.999999999997419e-05  ,0.001599999999999587
265 ,1.8189894035458565e-14 ,0.33093340871 ,2.3409053183970996 ,2.342405318397099  ,9.999999999997419e-05  ,0.001599999999999587
266 ,1.8189894035458565e-14 ,0.33093340871 ,2.3409053183972772 ,2.342405318397277  ,9.999999999997419e-05  ,0.001599999999999587
267 ,1.8189894035458565e-14 ,0.33093340871 ,2.340905318397455  ,2.3424053183974545 ,9.999999999997419e-05  ,0.001599999999999587
268 ,1.8189894035458565e-14 ,0.33093340871 ,2.3409053183976325 ,2.342405318397632  ,9.999999999997419e-05  ,0.001599999999999587
269 ,1.8189894035458565e-14 ,0.33093340871 ,2.34090531839781   ,2.3424053183978097 ,9.999999999997419e-05  ,0.001599999999999587
270 ,1.8189894035458565e-14 ,0.33093340871 ,2.3409053183979878 ,2.3424053183979874 ,9.999999999997419e-05  ,0.001599999999999587
271 ,1.8189894035458565e-14 ,0.33093340871 ,2.3409053183981654 ,2.342405318398165  ,9.999999999997419e-05  ,0.001599999999999587
272 ,1.8189894035458565e-14 ,0.33093340871 ,2.340905318398343  ,2.3424053183983427 ,9.999999999997419e-05  ,0.001599999999999587
273 ,1.8189894035458565e-14 ,0.33093340871 ,2.3409053183985207 ,2.3424053183985203 ,9.999999999997419e-05  ,0.001599999999999587
274 ,1.8189894035458565e-14 ,0.33093340871 ,2.3409053183986983 ,2.342405318398698  ,9.999999999997419e-05  ,0.001599999999999587
275 ,1.8189894035458565e-14 ,0.33093340871 ,2.340905318398876  ,2.3424053183988756 ,9.999999999997419e-05  ,0.001599999999999587
276 ,1.8189894035458565e-14 ,0.33093340871 ,2.3409053183990536 ,2.342405318399053  ,9.999999999997419e-05  ,0.001599999999999587
277 ,1.8189894035458565e-14 ,0.33093340871 ,2.340905318399231  ,2.342405318399231  ,9.999999999997419e-05  ,0.001599999999999587
278 ,1.8189894035458565e-14 ,0.33093340871 ,2.340905318399409  ,2.3424053183994085 ,9.999999999997419e-05  ,0.001599999999999587
279 ,1.8189894035458565e-14 ,0.33093340871 ,2.3409053183995865 ,2.342405318399586  ,9.999999999997419e-05  ,0.001599999999999587
280 ,1.8189894035458565e-14 ,0.33093340871 ,2.340905318399764  ,2.3424053183997637 ,9.999999999997419e-05  ,0.001599999999999587
281 ,1.8189894035458565e-14 ,0.33093340871 ,2.3409053183999418 ,2.3424053183999414 ,9.999999999997419e-05  ,0.001599999999999587
282 ,1.8189894035458565e-14 ,0.33093340871 ,2.3409053184001194 ,2.342405318400119  ,9.999999999997419e-05  ,0.001599999999999587
283 ,1.8189894035458565e-14 ,0.33093340871 ,2.340905318400297  ,2.3424053184002966 ,9.999999999997419e-05  ,0.001599999999999587
284 ,1.8189894035458565e-14 ,0.33093340871 ,2.3409053184004747 ,2.3424053184004743 ,9.999999999997419e-05  ,0.001599999999999587
285 ,1.8189894035458565e-14 ,0.33093340871 ,2.3409053184006523 ,2.342405318400652  ,9.999999999997419e-05  ,0.001599999999999587
286 ,1.8189894035458565e-14 ,0.33093340871 ,2.34090531840083   ,2.3424053184008296 ,9.999999999997419e-05  ,0.001599999999999587
287 ,1.8189894035458565e-14 ,0.33093340871 ,2.3409053184010076 ,2.342405318401007  ,9.999999999997419e-05  ,0.001599999999999587
288 ,1.8189894035458565e-14 ,0.33093340871 ,2.340905318401185  ,2.342405318401185  ,9.999999999997419e-05  ,0.001599999999999587
289 ,1.8189894035458565e-14 ,0.33093340871 ,2.340905318401363  ,2.3424053184013625 ,9.999999999997419e-05  ,0.001599999999999587
290 ,1.8189894035458565e-14 ,0.33093340871 ,2.3409053184015405 ,2.34240531840154   ,9.999999999997419e-05  ,0.001599999999999587
291 ,1.8189894035458565e-14 ,0.33093340871 ,2.340905318401718  ,2.3424053184017177 ,9.999999999997419e-05  ,0.001599999999999587
292 ,1.8189894035458565e-14 ,0.33093340871 ,2.3409053184018958 ,2.3424053184018954 ,9.999999999997419e-05  ,0.001599999999999587
293 ,1.8189894035458565e-14 ,0.33093340871 ,2.3409053184020734 ,2.342405318402073  ,9.999999999997419e-05  ,0.001599999999999587
294 ,1.8189894035458565e-14 ,0.33093340871 ,2.340905318402251  ,2.3424053184022506 ,9.999999999997419e-05  ,0.001599999999999587
295 ,1.8189894035458565e-14 ,0.33093340871 ,2.3409053184024287 ,2.3424053184024283 ,9.999999999997419e-05  ,0.001599999999999587
296 ,1.8189894035458565e-14 ,0.33093340871 ,2.3409053184026063 ,2.342405318402606  ,9.999999999997419e-05  ,0.001599999999999587
297 ,1.8189894035458565e-14 ,0.33093340871 ,2.340905318402784  ,2.3424053184027835 ,9.999999999997419e-05  ,0.001599999999999587
298 ,1.8189894035458565e-14 ,0.33093340871 ,2.3409053184029616 ,2.342405318402961  ,9.999999999997419e-05  ,0.001599999999999587
299 ,1.8189894035458565e-14 ,0.33093340871 ,2.340905318403139  ,2.342405318403139  ,9.999999999997419e-05  ,0.001599999999999587
300 ,1.8189894035458565e-14 ,0.33093340871 ,2.340905318403317  ,2.3424053184033164 ,9.999999999997419e-05  ,0.001599999999999587
301 ,1.8189894035458565e-14 ,0.33093340871 ,2.3409053184034945 ,2.342405318403494  ,9.999999999997419e-05  ,0.001599999999999587
302 ,1.8189894035458565e-14 ,0.33093340871 ,2.340905318403672  ,2.3424053184036717 ,9.999999999997419e-05  ,0.001599999999999587
303 ,1.8189894035458565e-14 ,0.33093340871 ,2.3409053184038497 ,2.3424053184038494 ,9.999999999997419e-05  ,0.001599999999999587
304 ,1.8189894035458565e-14 ,0.33093340871 ,2.3409053184040274 ,2.342405318404027  ,9.999999999997419e-05  ,0.001599999999999587
305 ,1.8189894035458565e-14 ,0.33093340871 ,2.340905318404205  ,2.3424053184042046 ,9.999999999997419e-05  ,0.001599999999999587
306 ,1.8189894035458565e-14 ,0.33093340871 ,2.3409053184043827 ,2.3424053184043823 ,9.999999999997419e-05  ,0.001599999999999587
307 ,1.8189894035458565e-14 ,0.33093340871 ,2.3409053184045603 ,2.34240531840456   ,9.999999999997419e-05  ,0.001599999999999587
308 ,1.8189894035458565e-14 ,0.33093340871 ,2.340905318404738  ,2.3424053184047375 ,9.999999999997419e-05  ,0.001599999999999587
309 ,1.8189894035458565e-14 ,0.33093340871 ,2.3409053184049156 ,2.342405318404915  ,9.999999999997419e-05  ,0.001599999999999587
310 ,1.8189894035458565e-14 ,0.33093340871 ,2.340905318405093  ,2.342405318405093  ,9.999999999997419e-05  ,0.001599999999999587
311 ,1.8189894035458565e-14 ,0.33093340871 ,2.340905318405271  ,2.3424053184052704 ,9.999999999997419e-05  ,0.001599999999999587
312 ,1.8189894035458565e-14 ,0.33093340871 ,2.3409053184054485 ,2.342405318405448  ,9.999999999997419e-05  ,0.001599999999999587
313 ,1.8189894035458565e-14 ,0.33093340871 ,2.340905318405626  ,2.3424053184056257 ,9.999999999997419e-05  ,0.001599999999999587
314 ,1.8189894035458565e-14 ,0.33093340871 ,2.3409053184058037 ,2.3424053184058033 ,9.999999999997419e-05  ,0.001599999999999587
315 ,1.8189894035458565e-14 ,0.33093340871 ,2.3409053184059814 ,2.342405318405981  ,9.999999999997419e-05  ,0.001599999999999587
316 ,1.8189894035458565e-14 ,0.33093340871 ,2.340905318406159  ,2.3424053184061586 ,9.999999999997419e-05  ,0.001599999999999587
317 ,1.8189894035458565e-14 ,0.33093340871 ,2.3409053184063366 ,2.3424053184063363 ,9.999999999997419e-05  ,0.001599999999999587
318 ,1.8189894035458565e-14 ,0.33093340871 ,2.3409053184065143 ,2.342405318406514  ,9.999999999997419e-05  ,0.001599999999999587
319 ,1.8189894035458565e-14 ,0.33093340871 ,2.340905318406692  ,2.3424053184066915 ,9.999999999997419e-05  ,0.001599999999999587
320 ,1.8189894035458565e-14 ,0.33093340871 ,2.3409053184068696 ,2.342405318406869  ,9.999999999997419e-05  ,0.001599999999999587
321 ,1.8189894035458565e-14 ,0.33093340871 ,2.340905318407047  ,2.342405318407047  ,9.999999999997419e-05  ,0.001599999999999587
322 ,1.8189894035458565e-14 ,0.33093340871 ,2.340905318407225  ,2.3424053184072244 ,9.999999999997419e-05  ,0.001599999999999587
323 ,1.8189894035458565e-14 ,0.33093340871 ,2.3409053184074025 ,2.342405318407402  ,9.999999999997419e-05  ,0.001599999999999587
324 ,1.8189894035458565e-14 ,0.33093340871 ,2.34090531840758   ,2.3424053184075797 ,9.999999999997419e-05  ,0.001599999999999587
325 ,1.8189894035458565e-14 ,0.33093340871 ,2.3409053184077577 ,2.3424053184077573 ,9.999999999997419e-05  ,0.001599999999999587
326 ,1.8189894035458565e-14 ,0.33093340871 ,2.3409053184079354 ,2.342405318407935  ,9.999999999997419e-05  ,0.001599999999999587
327 ,1.8189894035458565e-14 ,0.33093340871 ,2.340905318408113  ,2.3424053184081126 ,9.999999999997419e-05  ,0.001599999999999587
328 ,1.8189894035458565e-14 ,0.33093340871 ,2.3409053184082906 ,2.3424053184082902 ,9.999999999997419e-05  ,0.001599999999999587
329 ,1.8189894035458565e-14 ,0.33093340871 ,2.3409053184084683 ,2.342405318408468  ,9.999999999997419e-05  ,0.001599999999999587
330 ,1.8189894035458565e-14 ,0.33093340871 ,2.340905318408646  ,2.3424053184086455 ,9.999999999997419e-05  ,0.001599999999999587
331 ,1.8189894035458565e-14 ,0.33093340871 ,2.3409053184088235 ,2.342405318408823  ,9.999999999997419e-05  ,0.001599999999999587
332 ,1.8189894035458565e-14 ,0.33093340871 ,2.340905318409001  ,2.342405318409001  ,9.999999999997419e-05  ,0.001599999999999587
333 ,1.8189894035458565e-14 ,0.33093340871 ,2.340905318409179  ,2.3424053184091784 ,9.999999999997419e-05  ,0.001599999999999587
334 ,1.8189894035458565e-14 ,0.33093340871 ,2.3409053184093565 ,2.342405318409356  ,9.999999999997419e-05  ,0.001599999999999587
335 ,1.8189894035458565e-14 ,0.33093340871 ,2.340905318409534  ,2.3424053184095337 ,9.999999999997419e-05  ,0.001599999999999587
336 ,1.8189894035458565e-14 ,0.33093340871 ,2.3409053184097117 ,2.3424053184097113 ,9.999999999997419e-05  ,0.001599999999999587
337 ,1.8189894035458565e-14 ,0.33093340871 ,2.3409053184098894 ,2.342405318409889  ,9.999999999997419e-05  ,0.001599999999999587
338 ,1.8189894035458565e-14 ,0.33093340871 ,2.340905318410067  ,2.3424053184100666 ,9.999999999997419e-05  ,0.001599999999999587
339 ,1.8189894035458565e-14 ,0.33093340871 ,2.3409053184102446 ,2.3424053184102442 ,9.999999999997419e-05  ,0.001599999999999587
340 ,1.8189894035458565e-14 ,0.33093340871 ,2.3409053184104223 ,2.342405318410422  ,9.999999999997419e-05  ,0.001599999999999587
341 ,1.8189894035458565e-14 ,0.33093340871 ,2.3409053184106    ,2.3424053184105995 ,9.999999999997419e-05  ,0.001599999999999587
342 ,1.8189894035458565e-14 ,0.33093340871 ,2.3409053184107775 ,2.342405318410777  ,9.999999999997419e-05  ,0.001599999999999587
343 ,1.8189894035458565e-14 ,0.33093340871 ,2.340905318410955  ,2.342405318410955  ,9.999999999997419e-05  ,0.001599999999999587
344 ,1.8189894035458565e-14 ,0.33093340871 ,2.340905318411133  ,2.3424053184111324 ,9.999999999997419e-05  ,0.001599999999999587
345 ,1.8189894035458565e-14 ,0.33093340871 ,2.3409053184113104 ,2.34240531841131   ,9.999999999997419e-05  ,0.001599999999999587
346 ,1.8189894035458565e-14 ,0.33093340871 ,2.340905318411488  ,2.3424053184114877 ,9.999999999997419e-05  ,0.001599999999999587
347 ,1.8189894035458565e-14 ,0.33093340871 ,2.3409053184116657 ,2.3424053184116653 ,9.999999999997419e-05  ,0.001599999999999587
348 ,1.8189894035458565e-14 ,0.33093340871 ,2.3409053184118433 ,2.342405318411843  ,9.999999999997419e-05  ,0.001599999999999587
349 ,1.8189894035458565e-14 ,0.33093340871 ,2.340905318412021  ,2.3424053184120206 ,9.999999999997419e-05  ,0.001599999999999587
350 ,1.8189894035458565e-14 ,0.33093340871 ,2.3409053184121986 ,2.3424053184121982 ,9.999999999997419e-05  ,0.001599999999999587
351 ,1.8189894035458565e-14 ,0.33093340871 ,2.3409053184123763 ,2.342405318412376  ,9.999999999997419e-05  ,0.001599999999999587
352 ,1.8189894035458565e-14 ,0.33093340871 ,2.340905318412554  ,2.3424053184125535 ,9.999999999997419e-05  ,0.001599999999999587
353 ,1.8189894035458565e-14 ,0.33093340871 ,2.3409053184127315 ,2.342405318412731  ,9.999999999997419e-05  ,0.001599999999999587
354 ,1.8189894035458565e-14 ,0.33093340871 ,2.340905318412909  ,2.3424053184129088 ,9.999999999997419e-05  ,0.001599999999999587
355 ,1.8189894035458565e-14 ,0.33093340871 ,2.340905318413087  ,2.3424053184130864 ,9.999999999997419e-05  ,0.001599999999999587
356 ,1.8189894035458565e-14 ,0.33093340871 ,2.3409053184132644 ,2.342405318413264  ,9.999999999997419e-05  ,0.001599999999999587
357 ,1.8189894035458565e-14 ,0.33093340871 ,2.340905318413442  ,2.3424053184134417 ,9.999999999997419e-05  ,0.001599999999999587
358 ,1.8189894035458565e-14 ,0.33093340871 ,2.3409053184136197 ,2.3424053184136193 ,9.999999999997419e-05  ,0.001599999999999587
359 ,1.8189894035458565e-14 ,0.33093340871 ,2.3409053184137973 ,2.342405318413797  ,9.999999999997419e-05  ,0.001599999999999587
360 ,1.8189894035458565e-14 ,0.33093340871 ,2.340905318413975  ,2.3424053184139746 ,9.999999999997419e-05  ,0.001599999999999587
361 ,1.8189894035458565e-14 ,0.33093340871 ,2.3409053184141526 ,2.3424053184141522 ,9.999999999997419e-05  ,0.001599999999999587
362 ,1.8189894035458565e-14 ,0.33093340871 ,2.3409053184143302 ,2.34240531841433   ,9.999999999997419e-05  ,0.001599999999999587
363 ,1.8189894035458565e-14 ,0.33093340871 ,2.340905318414508  ,2.3424053184145075 ,9.999999999997419e-05  ,0.001599999999999587
364 ,1.8189894035458565e-14 ,0.33093340871 ,2.3409053184146855 ,2.342405318414685  ,9.999999999997419e-05  ,0.001599999999999587
365 ,1.8189894035458565e-14 ,0.33093340871 ,2.340905318414863  ,2.3424053184148628 ,9.999999999997419e-05  ,0.001599999999999587
366 ,1.8189894035458565e-14 ,0.33093340871 ,2.340905318415041  ,2.3424053184150404 ,9.999999999997419e-05  ,0.001599999999999587
367 ,1.8189894035458565e-14 ,0.33093340871 ,2.3409053184152184 ,2.342405318415218  ,9.999999999997419e-05  ,0.001599999999999587
368 ,1.8189894035458565e-14 ,0.33093340871 ,2.340905318415396  ,2.3424053184153957 ,9.999999999997419e-05  ,0.001599999999999587
369 ,1.8189894035458565e-14 ,0.33093340871 ,2.3409053184155737 ,2.3424053184155733 ,9.999999999997419e-05  ,0.001599999999999587
370 ,1.8189894035458565e-14 ,0.33093340871 ,2.3409053184157513 ,2.342405318415751  ,9.999999999997419e-05  ,0.001599999999999587
371 ,1.8189894035458565e-14 ,0.33093340871 ,2.340905318415929  ,2.3424053184159286 ,9.999999999997419e-05  ,0.001599999999999587
372 ,1.8189894035458565e-14 ,0.33093340871 ,2.3409053184161066 ,2.342405318416106  ,9.999999999997419e-05  ,0.001599999999999587
373 ,1.8189894035458565e-14 ,0.33093340871 ,2.3409053184162842 ,2.342405318416284  ,9.999999999997419e-05  ,0.001599999999999587
374 ,1.8189894035458565e-14 ,0.33093340871 ,2.340905318416462  ,2.3424053184164615 ,9.999999999997419e-05  ,0.001599999999999587
375 ,1.8189894035458565e-14 ,0.33093340871 ,2.3409053184166395 ,2.342405318416639  ,9.999999999997419e-05  ,0.001599999999999587
376 ,1.8189894035458565e-14 ,0.33093340871 ,2.340905318416817  ,2.3424053184168168 ,9.999999999997419e-05  ,0.001599999999999587
377 ,1.8189894035458565e-14 ,0.33093340871 ,2.340905318416995  ,2.3424053184169944 ,9.999999999997419e-05  ,0.001599999999999587
378 ,1.8189894035458565e-14 ,0.33093340871 ,2.3409053184171724 ,2.342405318417172  ,9.999999999997419e-05  ,0.001599999999999587
379 ,1.8189894035458565e-14 ,0.33093340871 ,2.34090531841735   ,2.3424053184173497 ,9.999999999997419e-05  ,0.001599999999999587
380 ,1.8189894035458565e-14 ,0.33093340871 ,2.3409053184175277 ,2.3424053184175273 ,9.999999999997419e-05  ,0.001599999999999587
381 ,1.8189894035458565e-14 ,0.33093340871 ,2.3409053184177053 ,2.342405318417705  ,9.999999999997419e-05  ,0.001599999999999587
382 ,1.8189894035458565e-14 ,0.33093340871 ,2.340905318417883  ,2.3424053184178826 ,9.999999999997419e-05  ,0.001599999999999587
383 ,1.8189894035458565e-14 ,0.33093340871 ,2.3409053184180606 ,2.34240531841806   ,9.999999999997419e-05  ,0.001599999999999587
384 ,1.8189894035458565e-14 ,0.33093340871 ,2.3409053184182382 ,2.342405318418238  ,9.999999999997419e-05  ,0.001599999999999587
385 ,1.8189894035458565e-14 ,0.33093340871 ,2.340905318418416  ,2.3424053184184155 ,9.999999999997419e-05  ,0.001599999999999587
386 ,1.8189894035458565e-14 ,0.33093340871 ,2.3409053184185935 ,2.342405318418593  ,9.999999999997419e-05  ,0.001599999999999587
387 ,1.8189894035458565e-14 ,0.33093340871 ,2.340905318418771  ,2.3424053184187708 ,9.999999999997419e-05  ,0.001599999999999587
388 ,1.8189894035458565e-14 ,0.33093340871 ,2.3409053184189488 ,2.3424053184189484 ,9.999999999997419e-05  ,0.001599999999999587
389 ,1.8189894035458565e-14 ,0.33093340871 ,2.3409053184191264 ,2.342405318419126  ,9.999999999997419e-05  ,0.001599999999999587
390 ,1.8189894035458565e-14 ,0.33093340871 ,2.340905318419304  ,2.3424053184193037 ,9.999999999997419e-05  ,0.001599999999999587
391 ,1.8189894035458565e-14 ,0.33093340871 ,2.3409053184194817 ,2.3424053184194813 ,9.999999999997419e-05  ,0.001599999999999587
392 ,1.8189894035458565e-14 ,0.33093340871 ,2.3409053184196593 ,2.342405318419659  ,9.999999999997419e-05  ,0.001599999999999587
393 ,1.8189894035458565e-14 ,0.33093340871 ,2.340905318419837  ,2.3424053184198366 ,9.999999999997419e-05  ,0.001599999999999587
394 ,1.8189894035458565e-14 ,0.33093340871 ,2.3409053184200146 ,2.342405318420014  ,9.999999999997419e-05  ,0.001599999999999587
395 ,1.8189894035458565e-14 ,0.33093340871 ,2.3409053184201922 ,2.342405318420192  ,9.999999999997419e-05  ,0.001599999999999587
396 ,1.8189894035458565e-14 ,0.33093340871 ,2.34090531842037   ,2.3424053184203695 ,9.999999999997419e-05  ,0.001599999999999587
397 ,1.8189894035458565e-14 ,0.33093340871 ,2.3409053184205475 ,2.342405318420547  ,9.999999999997419e-05  ,0.001599999999999587
398 ,1.8189894035458565e-14 ,0.33093340871 ,2.340905318420725  ,2.3424053184207247 ,9.999999999997419e-05  ,0.001599999999999587
399 ,1.8189894035458565e-14 ,0.33093340871 ,2.3409053184209028 ,2.3424053184209024 ,9.999999999997419e-05  ,0.001599999999999587
400 ,1.8189894035458565e-14 ,0.33093340871 ,2.3409053184210804 ,2.34240531842108   ,9.999999999997419e-05  ,0.001599999999999587
401 ,1.8189894035458565e-14 ,0.33093340871 ,2.340905318421258  ,2.3424053184212577 ,9.999999999997419e-05  ,0.001599999999999587
402 ,1.8189894035458565e-14 ,0.33093340871 ,2.3409053184214357 ,2.3424053184214353 ,9.999999999997419e-05  ,0.001599999999999587
403 ,1.8189894035458565e-14 ,0.33093340871 ,2.3409053184216133 ,2.342405318421613  ,9.999999999997419e-05  ,0.001599999999999587
404 ,1.8189894035458565e-14 ,0.33093340871 ,2.340905318421791  ,2.3424053184217906 ,9.999999999997419e-05  ,0.001599999999999587
405 ,1.8189894035458565e-14 ,0.33093340871 ,2.3409053184219686 ,2.342405318421968  ,9.999999999997419e-05  ,0.001599999999999587
406 ,1.8189894035458565e-14 ,0.33093340871 ,2.340905318422146  ,2.342405318422146  ,9.999999999997419e-05  ,0.001599999999999587
407 ,1.8189894035458565e-14 ,0.33093340871 ,2.340905318422324  ,2.3424053184223235 ,9.999999999997419e-05  ,0.001599999999999587
408 ,1.8189894035458565e-14 ,0.33093340871 ,2.3409053184225015 ,2.342405318422501  ,9.999999999997419e-05  ,0.001599999999999587
409 ,1.8189894035458565e-14 ,0.33093340871 ,2.340905318422679  ,2.3424053184226787 ,9.999999999997419e-05  ,0.001599999999999587
410 ,1.8189894035458565e-14 ,0.33093340871 ,2.3409053184228568 ,2.3424053184228564 ,9.999999999997419e-05  ,0.001599999999999587
411 ,1.8189894035458565e-14 ,0.33093340871 ,2.3409053184230344 ,2.342405318423034  ,9.999999999997419e-05  ,0.001599999999999587
412 ,1.8189894035458565e-14 ,0.33093340871 ,2.340905318423212  ,2.3424053184232116 ,9.999999999997419e-05  ,0.001599999999999587
413 ,1.8189894035458565e-14 ,0.33093340871 ,2.3409053184233897 ,2.3424053184233893 ,9.999999999997419e-05  ,0.001599999999999587
414 ,1.8189894035458565e-14 ,0.33093340871 ,2.3409053184235673 ,2.342405318423567  ,9.999999999997419e-05  ,0.001599999999999587
415 ,1.8189894035458565e-14 ,0.33093340871 ,2.340905318423745  ,2.3424053184237446 ,9.999999999997419e-05  ,0.001599999999999587
416 ,1.8189894035458565e-14 ,0.33093340871 ,2.3409053184239226 ,2.342405318423922  ,9.999999999997419e-05  ,0.001599999999999587
417 ,1.8189894035458565e-14 ,0.33093340871 ,2.3409053184241    ,2.3424053184241    ,9.999999999997419e-05  ,0.001599999999999587
418 ,1.8189894035458565e-14 ,0.33093340871 ,2.340905318424278  ,2.3424053184242775 ,9.999999999997419e-05  ,0.001599999999999587
419 ,1.8189894035458565e-14 ,0.33093340871 ,2.3409053184244555 ,2.342405318424455  ,9.999999999997419e-05  ,0.001599999999999587
420 ,1.8189894035458565e-14 ,0.33093340871 ,2.340905318424633  ,2.3424053184246327 ,9.999999999997419e-05  ,0.001599999999999587
421 ,1.8189894035458565e-14 ,0.33093340871 ,2.3409053184248108 ,2.3424053184248104 ,9.999999999997419e-05  ,0.001599999999999587
422 ,1.8189894035458565e-14 ,0.33093340871 ,2.3409053184249884 ,2.342405318424988  ,9.999999999997419e-05  ,0.001599999999999587
423 ,1.8189894035458565e-14 ,0.33093340871 ,2.340905318425166  ,2.3424053184251656 ,9.999999999997419e-05  ,0.001599999999999587
424 ,1.8189894035458565e-14 ,0.33093340871 ,2.3409053184253437 ,2.3424053184253433 ,9.999999999997419e-05  ,0.001599999999999587
425 ,1.8189894035458565e-14 ,0.33093340871 ,2.3409053184255213 ,2.342405318425521  ,9.999999999997419e-05  ,0.001599999999999587
426 ,1.8189894035458565e-14 ,0.33093340871 ,2.340905318425699  ,2.3424053184256985 ,9.999999999997419e-05  ,0.001599999999999587
427 ,1.8189894035458565e-14 ,0.33093340871 ,2.3409053184258766 ,2.342405318425876  ,9.999999999997419e-05  ,0.001599999999999587
428 ,1.8189894035458565e-14 ,0.33093340871 ,2.340905318426054  ,2.342405318426054  ,9.999999999997419e-05  ,0.001599999999999587
429 ,1.8189894035458565e-14 ,0.33093340871 ,2.340905318426232  ,2.3424053184262315 ,9.999999999997419e-05  ,0.001599999999999587
430 ,1.8189894035458565e-14 ,0.33093340871 ,2.3409053184264095 ,2.342405318426409  ,9.999999999997419e-05  ,0.001599999999999587
431 ,1.8189894035458565e-14 ,0.33093340871 ,2.340905318426587  ,2.3424053184265867 ,9.999999999997419e-05  ,0.001599999999999587
432 ,1.8189894035458565e-14 ,0.33093340871 ,2.3409053184267647 ,2.3424053184267644 ,9.999999999997419e-05  ,0.001599999999999587
433 ,1.8189894035458565e-14 ,0.33093340871 ,2.3409053184269424 ,2.342405318426942  ,9.999999999997419e-05  ,0.001599999999999587
434 ,1.8189894035458565e-14 ,0.33093340871 ,2.34090531842712   ,2.3424053184271196 ,9.999999999997419e-05  ,0.001599999999999587
435 ,1.8189894035458565e-14 ,0.33093340871 ,2.3409053184272977 ,2.3424053184272973 ,9.999999999997419e-05  ,0.001599999999999587
436 ,1.8189894035458565e-14 ,0.33093340871 ,2.3409053184274753 ,2.342405318427475  ,9.999999999997419e-05  ,0.001599999999999587
437 ,1.8189894035458565e-14 ,0.33093340871 ,2.340905318427653  ,2.3424053184276525 ,9.999999999997419e-05  ,0.001599999999999587
438 ,1.8189894035458565e-14 ,0.33093340871 ,2.3409053184278306 ,2.34240531842783   ,9.999999999997419e-05  ,0.001599999999999587
439 ,1.8189894035458565e-14 ,0.33093340871 ,2.340905318428008  ,2.342405318428008  ,9.999999999997419e-05  ,0.001599999999999587
440 ,1.8189894035458565e-14 ,0.33093340871 ,2.340905318428186  ,2.3424053184281854 ,9.999999999997419e-05  ,0.001599999999999587
441 ,1.8189894035458565e-14 ,0.33093340871 ,2.3409053184283635 ,2.342405318428363  ,9.999999999997419e-05  ,0.001599999999999587
442 ,1.8189894035458565e-14 ,0.33093340871 ,2.340905318428541  ,2.3424053184285407 ,9.999999999997419e-05  ,0.001599999999999587
443 ,1.8189894035458565e-14 ,0.33093340871 ,2.3409053184287187 ,2.3424053184287184 ,9.999999999997419e-05  ,0.001599999999999587
444 ,1.8189894035458565e-14 ,0.33093340871 ,2.3409053184288964 ,2.342405318428896  ,9.999999999997419e-05  ,0.001599999999999587
445 ,1.8189894035458565e-14 ,0.33093340871 ,2.340905318429074  ,2.3424053184290736 ,9.999999999997419e-05  ,0.001599999999999587
446 ,1.8189894035458565e-14 ,0.33093340871 ,2.3409053184292516 ,2.3424053184292513 ,9.999999999997419e-05  ,0.001599999999999587
447 ,1.8189894035458565e-14 ,0.33093340871 ,2.3409053184294293 ,2.342405318429429  ,9.999999999997419e-05  ,0.001599999999999587
448 ,1.8189894035458565e-14 ,0.33093340871 ,2.340905318429607  ,2.3424053184296065 ,9.999999999997419e-05  ,0.001599999999999587
449 ,1.8189894035458565e-14 ,0.33093340871 ,2.3409053184297846 ,2.342405318429784  ,9.999999999997419e-05  ,0.001599999999999587
450 ,1.8189894035458565e-14 ,0.33093340871 ,2.340905318429962  ,2.342405318429962  ,9.999999999997419e-05  ,0.001599999999999587
451 ,1.8189894035458565e-14 ,0.33093340871 ,2.34090531843014   ,2.3424053184301394 ,9.999999999997419e-05  ,0.001599999999999587
452 ,1.8189894035458565e-14 ,0.33093340871 ,2.3409053184303175 ,2.342405318430317  ,9.999999999997419e-05  ,0.001599999999999587
453 ,1.8189894035458565e-14 ,0.33093340871 ,2.340905318430495  ,2.3424053184304947 ,9.999999999997419e-05  ,0.001599999999999587
454 ,1.8189894035458565e-14 ,0.33093340871 ,2.3409053184306727 ,2.3424053184306723 ,9.999999999997419e-05  ,0.001599999999999587
455 ,1.8189894035458565e-14 ,0.33093340871 ,2.3409053184308504 ,2.34240531843085   ,9.999999999997419e-05  ,0.001599999999999587
456 ,1.8189894035458565e-14 ,0.33093340871 ,2.340905318431028  ,2.3424053184310276 ,9.999999999997419e-05  ,0.001599999999999587
457 ,1.8189894035458565e-14 ,0.33093340871 ,2.3409053184312056 ,2.3424053184312053 ,9.999999999997419e-05  ,0.001599999999999587
458 ,1.8189894035458565e-14 ,0.33093340871 ,2.3409053184313833 ,2.342405318431383  ,9.999999999997419e-05  ,0.001599999999999587
459 ,1.8189894035458565e-14 ,0.33093340871 ,2.340905318431561  ,2.3424053184315605 ,9.999999999997419e-05  ,0.001599999999999587
460 ,1.8189894035458565e-14 ,0.33093340871 ,2.3409053184317385 ,2.342405318431738  ,9.999999999997419e-05  ,0.001599999999999587
461 ,1.8189894035458565e-14 ,0.33093340871 ,2.340905318431916  ,2.342405318431916  ,9.999999999997419e-05  ,0.001599999999999587
462 ,1.8189894035458565e-14 ,0.33093340871 ,2.340905318432094  ,2.3424053184320934 ,9.999999999997419e-05  ,0.001599999999999587
463 ,1.8189894035458565e-14 ,0.33093340871 ,2.3409053184322715 ,2.342405318432271  ,9.999999999997419e-05  ,0.001599999999999587
464 ,1.8189894035458565e-14 ,0.33093340871 ,2.340905318432449  ,2.3424053184324487 ,9.999999999997419e-05  ,0.001599999999999587
465 ,1.8189894035458565e-14 ,0.33093340871 ,2.3409053184326267 ,2.3424053184326263 ,9.999999999997419e-05  ,0.001599999999999587
466 ,1.8189894035458565e-14 ,0.33093340871 ,2.3409053184328044 ,2.342405318432804  ,9.999999999997419e-05  ,0.001599999999999587
467 ,1.8189894035458565e-14 ,0.33093340871 ,2.340905318432982  ,2.3424053184329816 ,9.999999999997419e-05  ,0.001599999999999587
468 ,1.8189894035458565e-14 ,0.33093340871 ,2.3409053184331596 ,2.3424053184331592 ,9.999999999997419e-05  ,0.001599999999999587
469 ,1.8189894035458565e-14 ,0.33093340871 ,2.3409053184333373 ,2.342405318433337  ,9.999999999997419e-05  ,0.001599999999999587
470 ,1.8189894035458565e-14 ,0.33093340871 ,2.340905318433515  ,2.3424053184335145 ,9.999999999997419e-05  ,0.001599999999999587
471 ,1.8189894035458565e-14 ,0.33093340871 ,2.3409053184336925 ,2.342405318433692  ,9.999999999997419e-05  ,0.001599999999999587
472 ,1.8189894035458565e-14 ,0.33093340871 ,2.34090531843387   ,2.34240531843387   ,9.999999999997419e-05  ,0.001599999999999587
473 ,1.8189894035458565e-14 ,0.33093340871 ,2.340905318434048  ,2.3424053184340474 ,9.999999999997419e-05  ,0.001599999999999587
474 ,1.8189894035458565e-14 ,0.33093340871 ,2.3409053184342254 ,2.342405318434225  ,9.999999999997419e-05  ,0.001599999999999587
475 ,1.8189894035458565e-14 ,0.33093340871 ,2.340905318434403  ,2.3424053184344027 ,9.999999999997419e-05  ,0.001599999999999587
476 ,1.8189894035458565e-14 ,0.33093340871 ,2.3409053184345807 ,2.3424053184345803 ,9.999999999997419e-05  ,0.001599999999999587
477 ,1.8189894035458565e-14 ,0.33093340871 ,2.3409053184347584 ,2.342405318434758  ,9.999999999997419e-05  ,0.001599999999999587
478 ,1.8189894035458565e-14 ,0.33093340871 ,2.340905318434936  ,2.3424053184349356 ,9.999999999997419e-05  ,0.001599999999999587
479 ,1.8189894035458565e-14 ,0.33093340871 ,2.3409053184351136 ,2.3424053184351132 ,9.999999999997419e-05  ,0.001599999999999587
480 ,1.8189894035458565e-14 ,0.33093340871 ,2.3409053184352913 ,2.342405318435291  ,9.999999999997419e-05  ,0.001599999999999587
481 ,1.8189894035458565e-14 ,0.33093340871 ,2.340905318435469  ,2.3424053184354685 ,9.999999999997419e-05  ,0.001599999999999587
482 ,1.8189894035458565e-14 ,0.33093340871 ,2.3409053184356465 ,2.342405318435646  ,9.999999999997419e-05  ,0.001599999999999587
483 ,1.8189894035458565e-14 ,0.33093340871 ,2.340905318435824  ,2.342405318435824  ,9.999999999997419e-05  ,0.001599999999999587
484 ,1.8189894035458565e-14 ,0.33093340871 ,2.340905318436002  ,2.3424053184360014 ,9.999999999997419e-05  ,0.001599999999999587
485 ,1.8189894035458565e-14 ,0.33093340871 ,2.3409053184361794 ,2.342405318436179  ,9.999999999997419e-05  ,0.001599999999999587
486 ,1.8189894035458565e-14 ,0.33093340871 ,2.340905318436357  ,2.3424053184363567 ,9.999999999997419e-05  ,0.001599999999999587
487 ,1.8189894035458565e-14 ,0.33093340871 ,2.3409053184365347 ,2.3424053184365343 ,9.999999999997419e-05  ,0.001599999999999587
488 ,1.8189894035458565e-14 ,0.33093340871 ,2.3409053184367123 ,2.342405318436712  ,9.999999999997419e-05  ,0.001599999999999587
489 ,1.8189894035458565e-14 ,0.33093340871 ,2.34090531843689   ,2.3424053184368896 ,9.999999999997419e-05  ,0.001599999999999587
490 ,1.8189894035458565e-14 ,0.33093340871 ,2.3409053184370676 ,2.3424053184370672 ,9.999999999997419e-05  ,0.001599999999999587
491 ,1.8189894035458565e-14 ,0.33093340871 ,2.3409053184372453 ,2.342405318437245  ,9.999999999997419e-05  ,0.001599999999999587
492 ,1.8189894035458565e-14 ,0.33093340871 ,2.340905318437423  ,2.3424053184374225 ,9.999999999997419e-05  ,0.001599999999999587
493 ,1.8189894035458565e-14 ,0.33093340871 ,2.3409053184376005 ,2.3424053184376    ,9.999999999997419e-05  ,0.001599999999999587
494 ,1.8189894035458565e-14 ,0.33093340871 ,2.340905318437778  ,2.3424053184377778 ,9.999999999997419e-05  ,0.001599999999999587
495 ,1.8189894035458565e-14 ,0.33093340871 ,2.340905318437956  ,2.3424053184379554 ,9.999999999997419e-05  ,0.001599999999999587
496 ,1.8189894035458565e-14 ,0.33093340871 ,2.3409053184381334 ,2.342405318438133  ,9.999999999997419e-05  ,0.001599999999999587
497 ,1.8189894035458565e-14 ,0.33093340871 ,2.340905318438311  ,2.3424053184383107 ,9.999999999997419e-05  ,0.001599999999999587
498 ,1.8189894035458565e-14 ,0.33093340871 ,2.3409053184384887 ,2.3424053184384883 ,9.999999999997419e-05  ,0.001599999999999587
499 ,1.8189894035458565e-14 ,0.33093340871 ,2.3409053184386663 ,2.342405318438666  ,9.999999999997419e-05  ,0.001599999999999587
500 ,1.8189894035458565e-14 ,0.33093340871 ,2.340905318438844  ,2.3424053184388436 ,9.999999999997419e-05  ,0.001599999999999587
