n   ,h            ,x              ,v1[1]              ,v1[2]              ,v2[1]              ,v2[2]              ,S                      ,ОЛП                    ,u[1]               ,u[2]               ,E
0   ,0.0          ,0.0            ,7.0                ,13.0               ,7.0                ,13.0               ,0.0                    ,0.0                    ,7.0                ,13.0               ,0.0
13  ,9.765625e-06 ,9.76563e-06    ,7.029012563089432  ,12.970985483785757 ,7.029082710223403  ,12.970915336651734 ,7.014713402320183e-05  ,0.00014029426804640366 ,7.02915332667045   ,12.970844720203644 ,0.00014076358211312368
15  ,9.765625e-06 ,1.953125e-05   ,7.057744531017917  ,12.942251562732654 ,7.057813999746336  ,12.94218209400418  ,6.946872847457541e-05  ,0.00013893745694915083 ,7.058023299456574  ,12.941972794293806 ,0.00027876843884833136
17  ,9.765625e-06 ,2.929687e-05   ,7.086198617471731  ,12.91379552315441  ,7.086267414355581  ,12.913726726270507 ,6.879688390348804e-05  ,0.00013759376780697608 ,7.086612701724722  ,12.913381438902135 ,0.00041408425299049867
19  ,9.765625e-06 ,3.90625e-05    ,7.114377509892604  ,12.885614677609299 ,7.114445641429414  ,12.885546546072439 ,6.813153686024975e-05  ,0.0001362630737204995  ,7.114924288934487  ,12.885067898567039 ,0.0005467790422599705
21  ,9.765625e-06 ,4.882813e-05   ,7.142283869731531  ,12.857706364646324 ,7.142351342355994  ,12.857638892021809 ,6.747262451511915e-05  ,0.0001349452490302383  ,7.142960731787834  ,12.85702950258855  ,0.0006768620577748408
23  ,9.765625e-06 ,5.859375e-05   ,7.169920332700139  ,12.830067948553861 ,7.169987152784713  ,12.830001128469233 ,6.682008462810529e-05  ,0.00013364016925621058 ,7.170724675873739  ,12.829263605379694 ,0.0008043431741668883
25  ,9.765625e-06 ,6.835938e-05   ,7.197289509019611  ,12.802696819110723 ,7.197355682875126  ,12.802630645255155 ,6.617385556850763e-05  ,0.00013234771113701527 ,7.1982188259461655 ,12.801767502182509 ,0.0009293169282145186
27  ,9.765625e-06 ,7.8125e-05     ,7.224393983667212  ,12.775590391339648 ,7.224459517543466  ,12.77552485746334  ,6.55338763078106e-05   ,0.0001310677526156212  ,7.225445747854438  ,12.774538627151667 ,0.0010517641879808082
29  ,9.765625e-06 ,8.789062e-05   ,7.251236316620427  ,12.748746105263148 ,7.251301216706776  ,12.748681205176746 ,6.490008640192002e-05  ,0.00012980017280384004 ,7.2524080665629755 ,12.74757435532075  ,0.0011717499425483169
31  ,9.765625e-06 ,9.765625e-05   ,7.277819043098739  ,12.722161425661744 ,7.2778833155246785 ,12.722097153235751 ,6.427242599293947e-05  ,0.00012854485198587895 ,7.279108380717618  ,12.72087208804192  ,0.0012893376198235273
33  ,9.765625e-06 ,0.00010742187  ,7.304144673803067  ,12.695833841834514 ,7.304208324638813  ,12.695770190998715 ,6.365083579851216e-05  ,0.00012730167159702432 ,7.305549182086862  ,12.694429333550678 ,0.0014045082838354261
35  ,9.765625e-06 ,0.0001171875   ,7.330215695152888  ,12.669760867361981 ,7.33027873040995   ,12.669697832104864 ,6.303525711714997e-05  ,0.00012607051423429994 ,7.331733046529     ,12.668243515984734 ,0.001517351377247067
37  ,9.765625e-06 ,0.00012695312  ,7.356034569521072  ,12.643940039871277 ,7.356096995152825  ,12.643877614239472 ,6.242563180514082e-05  ,0.00012485126361028165 ,7.3576624176174015 ,12.642312191774717 ,0.001627848096559248
39  ,9.765625e-06 ,0.00013671875  ,7.381603735466436  ,12.618368920803583 ,7.381665557368676  ,12.61830709890129  ,6.182190229253592e-05  ,0.00012364380458507185 ,7.383339821388708  ,12.616632834879985 ,0.0017360859235981962
41  ,9.765625e-06 ,0.00014648437  ,7.406925607964056  ,12.593045095183824 ,7.4069868319755585 ,12.592983871172269 ,6.122401155472801e-05  ,0.00012244802310945602 ,7.408767654153342  ,12.591203048994116 ,0.0018420461897079576
43  ,9.765625e-06 ,0.00015625     ,7.432002578633352  ,12.567966171392579 ,7.432063210536424  ,12.567905539489454 ,6.0631903124885866e-05 ,0.00012126380624977173 ,7.43394839308994   ,12.566020356934475 ,0.0019458144581037118
45  ,9.765625e-06 ,0.00016601563  ,7.456837015963958  ,12.543129780940214 ,7.45689706148499   ,12.543069735419127 ,6.004552108684891e-05  ,0.00012009104217369782 ,7.458884413570107  ,12.541082383331453 ,0.002047397608761159
47  ,9.765625e-06 ,0.00017578125  ,7.481431265539424  ,12.518533578243181 ,7.481490730349419  ,12.51847411343313  ,5.9464810050258166e-05 ,0.00011892962010051633 ,7.4835780686295035 ,12.516386775151398 ,0.002146803091783056
49  ,9.765625e-06 ,0.00018554688  ,7.505787650258735  ,12.494175240402495 ,7.505846539973855  ,12.494116350687321 ,5.888971517364894e-05  ,0.00011777943034729788 ,7.5080317639258745 ,12.491931126732553 ,0.0022441136699420383
51  ,9.765625e-06 ,0.0001953125   ,7.529908470555704  ,12.47005246698434  ,7.529966790737796  ,12.469994146802195 ,5.832018214491086e-05  ,0.00011664036428982172 ,7.532247781573078  ,12.467713155965066 ,0.002339311019273538
53  ,9.765625e-06 ,0.00020507813  ,7.553796004616234  ,12.446162979802814 ,7.553853760773354  ,12.44610522364564  ,5.7756157174182476e-05 ,0.00011551231434836495 ,7.5562284806991995 ,12.443730503716857 ,0.0024324760859570915
55  ,9.765625e-06 ,0.00021484375  ,7.577452508593485  ,12.42250452270476  ,7.57750970618042   ,12.422447325117771 ,5.7197586988522175e-05 ,0.00011439517397704435 ,7.579976099278047  ,12.419980932018111 ,0.0025235906866480917
57  ,9.765625e-06 ,0.00022460938  ,7.600880216820951  ,12.39907486135668  ,7.600936861239732  ,12.399018216937844 ,5.6644418837237254e-05 ,0.00011328883767447451 ,7.603492950807999  ,12.39646212736645  ,0.0026127339902313196
59  ,9.765625e-06 ,0.000234375    ,7.6240813420234845 ,12.375871783033723 ,7.624137438623904  ,12.375815686433253 ,5.609660047056764e-05  ,0.00011219320094113527 ,7.6267812299765785 ,12.373171895078354 ,0.002699887955369462
61  ,9.765625e-06 ,0.00024414063  ,7.647058075526281  ,12.352893096410696 ,7.647113629606386  ,12.352837542330537 ,5.5554080159225805e-05 ,0.00011110816031845161 ,7.64984320553501   ,12.350107966398596 ,0.002785130012100012
63  ,9.765625e-06 ,0.00025390625  ,7.669812587461832  ,12.330136631355103 ,7.669867604268435  ,12.330081614548448 ,5.501680665531694e-05  ,0.00011003361331063388 ,7.672681029721755  ,12.327268189092713 ,0.002868442262389692
65  ,9.765625e-06 ,0.00026367188  ,7.6923470269748915 ,12.307600238722193 ,7.692401511704062  ,12.30754575399297  ,5.4484729222537e-05    ,0.000108969458445074   ,7.695296927406383  ,12.30465033828714  ,0.0029499004350537206
67  ,9.765625e-06 ,0.0002734375   ,7.714663522425445  ,12.285281790151979 ,7.714717480222998  ,12.285227832354373 ,5.395779760597463e-05  ,0.00010791559521194927 ,7.717693009199332  ,12.282252303375435 ,0.0030294867765441325
69  ,9.765625e-06 ,0.00028320313  ,7.736764181589727  ,12.263179177868228 ,7.736817617551712  ,12.263125741906189 ,5.3435962039216633e-05 ,0.00010687192407843327 ,7.73987145693726   ,12.260071902516943 ,0.003107275351284855
71  ,9.765625e-06 ,0.00029296875  ,7.758651091859288  ,12.241290314479388 ,7.7587040110324725 ,12.241237395306152 ,5.291917323546613e-05  ,0.00010583834647093227 ,7.761834340407742  ,12.238107065928087 ,0.003183248551300366
73  ,9.765625e-06 ,0.00030273438  ,7.780326320438139  ,12.219613132781449 ,7.78037872782048   ,12.219560725399054 ,5.240738239464804e-05  ,0.00010481476478929608 ,7.783583799246856  ,12.21635565396879  ,0.0032574788126584764
75  ,9.765625e-06 ,0.0003125      ,7.801791914537991  ,12.198145585562699 ,7.801843815079109  ,12.198093685021526 ,5.190054117321097e-05  ,0.00010380108234642194 ,7.805121863208902  ,12.194815636888752 ,0.003329948673947314
77  ,9.765625e-06 ,0.00032226563  ,7.823049901571601  ,12.176885645410383 ,7.82310130017325   ,12.17683424680868  ,5.139860170366717e-05  ,0.00010279720340733434 ,7.826450630545608  ,12.173484916432244 ,0.003400728978139256
79  ,9.765625e-06 ,0.00033203125  ,7.844102289344252  ,12.155831304519216 ,7.844153190860779  ,12.155780403002636 ,5.090151658038167e-05  ,0.00010180303316076333 ,7.847572091752315  ,12.15236150210793  ,0.003469802411286693
81  ,9.765625e-06 ,0.00034179688  ,7.864951066243383  ,12.13498057450176  ,7.865001475482187  ,12.134930165262904 ,5.0409238856019556e-05 ,0.00010081847771203911 ,7.8684883044968466 ,12.13144333624398  ,0.0035372382577811834
83  ,9.765625e-06 ,0.0003515625   ,7.885598201426378  ,12.114331486200632 ,7.885648123148365  ,12.114281564478592 ,4.9921722039769634e-05 ,9.984344407953927e-05  ,7.889201220774915  ,12.11072846684868  ,0.0036030193519511755
85  ,9.765625e-06 ,0.00036132813  ,7.906045645006547  ,12.093882089502518 ,7.90609508392658   ,12.093832650582433 ,4.943892008490991e-05  ,9.887784016981982e-05  ,7.909712858455415  ,12.090214876049146 ,0.0036672134533723977
87  ,9.765625e-06 ,0.00037109375  ,7.926295328237303  ,12.073630453154008 ,7.926344289024647  ,12.073581492366612 ,4.896078739591303e-05  ,9.792157479182606e-05  ,7.930025131779076  ,12.069900649608634 ,0.0037298035453741107
89  ,9.765625e-06 ,0.00038085938  ,7.94634916369456   ,12.05357466457919  ,7.946397650973323  ,12.053526177300373 ,4.848727881601178e-05  ,9.697455763202356e-05  ,7.95014001958564   ,12.049783808683415 ,0.0037908558957742144
91  ,9.765625e-06 ,0.000390625    ,7.966209045457367  ,12.033712829699011 ,7.9662570638069345 ,12.033664811349391 ,4.801834962009366e-05  ,9.603669924018732e-05  ,7.970059399091107  ,12.029862476061481 ,0.0038503536375298353
93  ,9.765625e-06 ,0.00040039063  ,7.985876849286792  ,12.014043072752404 ,7.985924403242263  ,12.01399551879688  ,4.755395552358266e-05  ,9.510791104716532e-05  ,7.989785210860953  ,12.01013471117336  ,0.00390836157904495
95  ,9.765625e-06 ,0.00041015625  ,8.005354432803083  ,11.994563536119124 ,8.005401526855694  ,11.994516442066459 ,4.70940526646757e-05   ,9.41881053293514e-05   ,8.009319295802577  ,11.990598673115652 ,0.0039648630034712085
97  ,9.765625e-06 ,0.00041992188  ,8.024643635661105  ,11.975272380144302 ,8.024690274258663  ,11.975225741546693 ,4.6638597609671706e-05 ,9.327719521934341e-05  ,8.028663556947475  ,11.97125245885286  ,0.004019921291442685
99  ,9.765625e-06 ,0.0004296875   ,8.043746279724093  ,11.956167782964705 ,8.043792467271384  ,11.95612159541736  ,4.6187547345866165e-05 ,9.237509469173233e-05  ,8.047819799596718  ,11.952094263087913 ,0.004073519876792275
101 ,9.765625e-06 ,0.00043945313  ,8.062664169235713  ,11.937247940336666 ,8.062709910094926  ,11.937202199477401 ,4.574085926556393e-05  ,9.148171853112785e-05  ,8.066789889973805  ,11.933122219593315 ,0.00412572074335138
103 ,9.765625e-06 ,0.00044921875  ,8.081399090990468  ,11.918511065465685 ,8.081444389481602  ,11.918465766974498 ,4.5298491187395484e-05 ,9.059698237479097e-05  ,8.085575598462155  ,11.914334557989642 ,0.004176507476042701
105 ,9.765625e-06 ,0.00045898438  ,8.099952814502446  ,11.89995538883767  ,8.099997674903724  ,11.899910528436338 ,4.4860401331447974e-05 ,8.972080266289595e-05  ,8.104178755189203  ,11.895729448145463 ,0.00422594069220672
107 ,9.765625e-06 ,0.00046875     ,8.11832709217245   ,11.88157915805182  ,8.118371518720718  ,11.8815347315035   ,4.442654832104154e-05  ,8.885309664208307e-05  ,8.12260109629609   ,11.877305153923636 ,0.004274004128184572
109 ,9.765625e-06 ,0.00047851563  ,8.136523659453498  ,11.86338063765512  ,8.136567656344624  ,11.863336640763938 ,4.399689118095296e-05  ,8.799378236190591e-05  ,8.140844416512342  ,11.859059880590634 ,0.0043207570644856474
111 ,9.765625e-06 ,0.00048828125  ,8.15454423501473   ,11.845358108978424 ,8.15458780640401   ,11.845314537589092 ,4.3571389332086596e-05 ,8.714277866417319e-05  ,8.158910418399133  ,11.840991925589284 ,0.004366183389139522
113 ,9.765625e-06 ,0.00049804688  ,8.172390520903727  ,11.827509869974154 ,8.172433670906264  ,11.827466719971568 ,4.315000258614532e-05  ,8.630000517229064e-05  ,8.176800861972737  ,11.823099528899313 ,0.004410341074841284
115 ,9.765625e-06 ,0.0005078125   ,8.190064202707262  ,11.809834235055538 ,8.19010693539836   ,11.809791502364384 ,4.273269115451228e-05  ,8.546538230902456e-05  ,8.194517416863853  ,11.805381020894018 ,0.004453214161520336
117 ,9.765625e-06 ,0.00051757813  ,8.207566949710495  ,11.792329534937414 ,8.207609269126051  ,11.792287215521805 ,4.2319415609171074e-05 ,8.463883121834215e-05  ,8.212061809046919  ,11.787834675594969 ,0.004494859342445423
119 ,9.765625e-06 ,0.00052734375  ,8.224900415054629  ,11.774994116478581 ,8.224942325191504  ,11.77495220634165  ,4.191013693066736e-05  ,8.382027386133473e-05  ,8.229435675859092  ,11.770458855669    ,0.004535260809580777
121 ,9.765625e-06 ,0.00053710938  ,8.242066235893041  ,11.757826342525659 ,8.242107740709443  ,11.757784837709202 ,4.150481645659454e-05  ,8.300963291318908e-05  ,8.246640709891404  ,11.753251868521081 ,0.004574474004577667
123 ,9.765625e-06 ,0.000546875    ,8.259066033545905  ,11.740824591758477 ,8.25910713696176   ,11.740783488342567 ,4.110341591001543e-05  ,8.220683182003086e-05  ,8.263678516812083  ,11.73621210848699  ,0.004612483271486667
125 ,9.765625e-06 ,0.00055664063  ,8.275901413653312  ,11.723987258536942 ,8.275942119550638  ,11.72394655263956  ,4.070589738169872e-05  ,8.141179476339744e-05  ,8.28055075647445   ,11.719337915709398 ,0.0046493428275447
127 ,9.765625e-06 ,0.00056640625  ,8.29257396632692   ,11.707312752749395 ,8.292614278550193  ,11.707272440526069 ,4.0312223326566254e-05 ,8.062444665313251e-05  ,8.297259003490336  ,11.70262771558048  ,0.004685037168915329
129 ,9.765625e-06 ,0.00057617188  ,8.309085266300135  ,11.690799499662432 ,8.309125188656646  ,11.69075957730587  ,3.992235656191667e-05  ,7.984471312383334e-05  ,8.31380488560855   ,11.686079880347423 ,0.004719619315009638
131 ,9.765625e-06 ,0.0005859375   ,8.32543687307683   ,11.67444593977218  ,8.325476409337048  ,11.674406403511911 ,3.953626026920176e-05  ,7.907252053840352e-05  ,8.330189946985216  ,11.669692865858105 ,0.004753073914075756
133 ,9.765625e-06 ,0.00059570313  ,8.341630331078635  ,11.65825052865701  ,8.341669484976569  ,11.658211374759023 ,3.915389798692104e-05  ,7.830779597384208e-05  ,8.346415783885597  ,11.653465075843265 ,0.00478545281374565
135 ,9.765625e-06 ,0.00060546875  ,8.357667169790803  ,11.642211736831669 ,8.357705945024342  ,11.642172961598073 ,3.8775233596410885e-05 ,7.755046719282177e-05  ,8.362483910599165  ,11.637394996017429 ,0.004816740814240106
137 ,9.765625e-06 ,0.00061523438  ,8.373548903906656  ,11.626328049602833 ,8.373587304137939  ,11.626289649371495 ,3.840023133783177e-05  ,7.680046267566354e-05  ,8.378395892516577  ,11.621481060985937 ,0.004846988616895587
139 ,9.765625e-06 ,0.000625       ,8.389277033470647  ,11.610597966926049 ,8.389315062326386  ,11.610559938070255 ,3.802885579418103e-05  ,7.605771158836205e-05  ,8.39415321463834   ,11.605721785752284 ,0.004876181173765204
141 ,9.765625e-06 ,0.00063476563  ,8.404853044020028  ,11.595020003264063 ,8.404890705091862  ,11.594982342192177 ,3.766107188596379e-05  ,7.532214377192759e-05  ,8.40975741207768   ,11.590115635199245 ,0.0049043680648175325
143 ,9.765625e-06 ,0.00064453125  ,8.420278406725156  ,11.579592687446523 ,8.42031570356999   ,11.579555390601636 ,3.7296844887180214e-05 ,7.459368977436043e-05  ,8.425209941112627  ,11.574661153052794 ,0.004931534393728398
145 ,9.765625e-06 ,0.00065429688  ,8.435554578528434  ,11.564314562531024 ,8.435591514668772  ,11.564277626390634 ,3.693614038979831e-05  ,7.387228077959662e-05  ,8.440512307164589  ,11.559356833887517 ,0.004957728643507409
147 ,9.765625e-06 ,0.0006640625   ,8.450683002281908  ,11.549184185665519 ,8.450719581206187  ,11.549147606741185 ,3.6578924333952045e-05 ,7.315784866790409e-05  ,8.455665938344668  ,11.54420124959631  ,0.004982936069207966
149 ,9.765625e-06 ,0.00067382813  ,8.465665106883549  ,11.534200127952037 ,8.465701332046473  ,11.534163902789063 ,3.622516297419054e-05  ,7.245032594838108e-05  ,8.47067231095675   ,11.529192923871292 ,0.0050072040807442875
151 ,9.765625e-06 ,0.00068359375  ,8.480502307412195  ,11.519360974311741 ,8.480538182235051  ,11.519325099488833 ,3.5874822907899784e-05 ,7.174964581579957e-05  ,8.485532825489813  ,11.514330456227487 ,0.005030518084254254
153 ,9.765625e-06 ,0.00069335938  ,8.495196005261203  ,11.504665323351276 ,8.495231533132193  ,11.50462979548023  ,3.5527871045104575e-05 ,7.105574209020915e-05  ,8.500248929693393  ,11.499612398911355 ,0.005052924439921114
155 ,9.765625e-06 ,0.000703125    ,8.509747588270802  ,11.49011178723041  ,8.50978277254536   ,11.490076602955797 ,3.518427461202123e-05  ,7.036854922404245e-05  ,8.514821996968596  ,11.485037378525789 ,0.005074408704620836
157 ,9.765625e-06 ,0.00071289063  ,8.524158430859169  ,11.475698991530965 ,8.524193274860279  ,11.475664147529802 ,3.4844001163492067e-05 ,6.968800232698413e-05  ,8.529253447062917  ,11.470603975319296 ,0.00509501621166919
159 ,9.765625e-06 ,0.00072265625  ,8.538429894152236  ,11.461425575127013 ,8.538464401170744  ,11.461391068108453 ,3.45070185598928e-05   ,6.90140371197856e-05   ,8.543544626813516  ,11.456310842458718 ,0.005114732668294764
161 ,9.765625e-06 ,0.00073242188  ,8.55256332611224   ,11.447290190056313 ,8.552597499407163  ,11.447256016761337 ,3.417329497601429e-05  ,6.834658995202858e-05  ,8.55769692850744   ,11.442156587652999 ,0.005133602403313731
163 ,9.765625e-06 ,0.0007421875   ,8.566560061665035  ,11.433291501393013 ,8.566593904463877  ,11.433257658594117 ,3.3842798895733495e-05 ,6.768559779146699e-05  ,8.571711672931707  ,11.428139890119132 ,0.005151611273880974
165 ,9.765625e-06 ,0.00075195313  ,8.580421422826165  ,11.41942818712157  ,8.58045493832521   ,11.419394671622472 ,3.3515499097802604e-05 ,6.703099819560521e-05  ,8.58559022544406   ,11.414259384495372 ,0.005168802626197788
167 ,9.765625e-06 ,0.00076171875  ,8.594148718825723  ,11.405698938011888 ,8.594181910190347  ,11.40566574664721  ,3.3191364677165325e-05 ,6.638272935433065e-05  ,8.59933388128521   ,11.400513775545003 ,0.005185162466885274
169 ,9.765625e-06 ,0.00077148438  ,8.607743246232005  ,11.392102457495675 ,8.607776116596973  ,11.392069587130655 ,3.287036502008789e-05  ,6.574073004017578e-05  ,8.612943979404456  ,11.386901724314729 ,0.005200733180945605
171 ,9.765625e-06 ,0.00078125     ,8.62120628907396   ,11.378637461543976 ,8.621238841543715  ,11.378604909074172 ,3.2552469804159045e-05 ,6.510493960831809e-05  ,8.626421789990333  ,11.37342196062002  ,0.005215500923956284
173 ,9.765625e-06 ,0.00079101563  ,8.634539118962463  ,11.365302678545921 ,8.634571356611428  ,11.365270440896905 ,3.223764901605364e-05  ,6.447529803210728e-05  ,8.639768626094469  ,11.360073171405237 ,0.00522950714068493
175 ,9.765625e-06 ,0.00080078125  ,8.647742995210411  ,11.352096849188614 ,8.647774921083272  ,11.352064923315698 ,3.192587291600546e-05  ,6.385174583201092e-05  ,8.652985733337765  ,11.346854111053485 ,0.005242738135128988
177 ,9.765625e-06 ,0.00081054688  ,8.660819164951658  ,11.339018726338196 ,8.660850782063658  ,11.338987109226142 ,3.161711205379447e-05  ,6.323422410758894e-05  ,8.666074399375098  ,11.333763491905888 ,0.005255234432308242
179 ,9.765625e-06 ,0.0008203125   ,8.673768863258806  ,11.32606707492207  ,8.673800174596028  ,11.326035763584793 ,3.131133727762858e-05  ,6.262267455525716e-05  ,8.679035845734921  ,11.32080009243799  ,0.005266982484080529
181 ,9.765625e-06 ,0.00083007813  ,8.686593313259843  ,11.313240671812244 ,8.686624321779492  ,11.313209663292545 ,3.100851969861651e-05  ,6.201703939723302e-05  ,8.69187133516657   ,11.307962649896456 ,0.005278021915787079
183 ,9.765625e-06 ,0.00083984375  ,8.69929372625367   ,11.30053830570982  ,8.699324434884346  ,11.30050759707909  ,3.070863072984764e-05  ,6.141726145969528e-05  ,8.704582065572037  ,11.295249966383299 ,0.005288339326520841
185 ,9.765625e-06 ,0.00084960938  ,8.711871301824496  ,11.287958777030585 ,8.711901713466482  ,11.287928365388549 ,3.041164203665403e-05  ,6.082328407330806e-05  ,8.717169275276836  ,11.282660803569    ,0.00529797346158567
187 ,9.765625e-06 ,0.000859375    ,8.724327227955138  ,11.275500897791728 ,8.724357345480662  ,11.27547078026615  ,3.011752557746661e-05  ,6.023505115493322e-05  ,8.729634139013474  ,11.270193986725051 ,0.0053069110666772445
189 ,9.765625e-06 ,0.00086914063  ,8.736662681139213  ,11.263163491499627 ,8.73669250739273   ,11.263133665246057 ,2.982625357006441e-05  ,5.965250714012882e-05  ,8.741977871156044  ,11.257848301473357 ,0.005315190026269789
191 ,9.765625e-06 ,0.00087890625  ,8.74887882649226   ,11.250945393038744 ,8.748908364290715  ,11.250915855240239 ,2.9537798505785418e-05 ,5.9075597011570835e-05 ,8.754201623715712  ,11.245622595806761 ,0.005322797231983145
193 ,9.765625e-06 ,0.00088867188  ,8.760976817861778  ,11.238845448561582 ,8.761006069994869  ,11.23881619642844  ,2.9252133142421144e-05 ,5.850426628484229e-05  ,8.766306587578413  ,11.233515678835325 ,0.005329769726257538
195 ,9.765625e-06 ,0.0008984375   ,8.772957797936193  ,11.226862515379715 ,8.772986767166644  ,11.22683354614921  ,2.8969230504216625e-05 ,5.793846100843325e-05  ,8.778293892473428  ,11.221526420833762 ,0.005336094545953074
197 ,9.765625e-06 ,0.00090820313  ,8.784822898352791  ,11.214995461855853 ,8.784851587416604  ,11.214966772791989 ,2.8689063864106856e-05 ,5.737812772821371e-05  ,8.790164706252837  ,11.209653653945994 ,0.005341807909859497
199 ,9.765625e-06 ,0.00091796875  ,8.796573239804589  ,11.203243167296984 ,8.796601651411304  ,11.203214755690217 ,2.8411606766809427e-05 ,5.6823213533618855e-05 ,8.801920136795024  ,11.197896270297639 ,0.005346896999345319
201 ,9.765625e-06 ,0.00092773438  ,8.80820993214618   ,11.191604521848511 ,8.808238068979133  ,11.191576385015505 ,2.8136833005731887e-05 ,5.6273666011463774e-05 ,8.813561329363726  ,11.186253124620961 ,0.005351397227549626
203 ,9.765625e-06 ,0.0009375      ,8.819734074498554  ,11.180078426389448 ,8.819761939215134  ,11.180050561672815 ,2.7864716633629882e-05 ,5.5729433267259765e-05 ,8.825089370409055  ,11.174723130469848 ,0.005355295919599712
205 ,9.765625e-06 ,0.00094726563  ,8.8311467553529    ,11.168663792428601 ,8.831174350584796  ,11.168636197196655 ,2.7595231946619947e-05 ,5.5190463893239894e-05 ,8.8365053830433    ,11.163305164728008 ,0.005358627700593033
207 ,9.765625e-06 ,0.00095703125  ,8.84244905267342   ,11.157359542001773 ,8.842476381026861  ,11.157332213648278 ,2.7328353494837643e-05 ,5.4656706989675286e-05 ,8.847810432702769  ,11.151998161963139 ,0.005361380038634067
209 ,9.765625e-06 ,0.00096679688  ,8.853642033999124  ,11.146164607569949 ,8.853669098055144  ,11.146137543513877 ,2.706405607177942e-05  ,5.412811214355884e-05  ,8.859005620776752  ,11.14080102078194  ,0.0053635867880093
211 ,9.765625e-06 ,0.0009765625   ,8.864726756544666  ,11.13507793191848  ,8.86475355885933   ,11.135051129603761 ,2.6802314717855324e-05 ,5.360462943571065e-05  ,8.870091992094196  ,11.129712696359476 ,0.005365235559002812
213 ,9.765625e-06 ,0.00098632813  ,8.875704267300183  ,11.124098468057227 ,8.875730810404843  ,11.124071924952515 ,2.6543104711507226e-05 ,5.308620942301445e-05  ,8.88107062674155   ,11.11873210860529  ,0.005366359451937086
215 ,9.765625e-06 ,0.00099609375  ,8.886575603130181  ,11.113225179121683 ,8.8866018895317    ,11.113198892720112 ,2.6286401570985163e-05 ,5.2572803141970326e-05 ,8.891942549338976  ,11.10785823290322  ,0.005366946218462232
217 ,9.765625e-06 ,0.00100585938  ,8.897341790871465  ,11.102457038275043 ,8.897367823052468  ,11.102431006093987 ,2.6032181056123704e-05 ,5.206436211224741e-05  ,8.902708819082134  ,11.097090010053615 ,0.005367028221428427
219 ,9.765625e-06 ,0.001015625    ,8.90800384743012   ,11.091793028611225 ,8.908029627849213  ,11.091767248192077 ,2.5780419147025668e-05 ,5.1560838294051337e-05 ,8.913370440773267  ,11.086426435258222 ,0.005366593353002713
221 ,9.765625e-06 ,0.00102539063  ,8.918562779877542  ,11.081232143058829 ,8.918588310969566  ,11.081206611966751 ,2.55310920778129e-05   ,5.10621841556258e-05   ,8.923928453121297  ,11.075866469804124 ,0.005365673254704717
223 ,9.765625e-06 ,0.00103515625  ,8.929019585545563  ,11.070773384286024 ,8.929044869721805  ,11.070748100109729 ,2.5284176295770067e-05 ,5.056835259154013e-05  ,8.934383841493876  ,11.06540912832767  ,0.005364255958355102
225 ,9.765625e-06 ,0.00104492188  ,8.939375252120637  ,11.060415764606358 ,8.939400291769061  ,11.06039072495788  ,2.5039648477331866e-05 ,5.007929695466373e-05  ,8.944737624509433  ,11.055053392206425 ,0.00536237239993298
227 ,9.765625e-06 ,0.0010546875   ,8.949630757737129  ,11.050158305885464 ,8.94965555522261   ,11.05013350839993  ,2.47974855334121e-05   ,4.95949710668242e-05   ,8.954990768476925  ,11.044798295135436 ,0.00536001075002801
229 ,1.953125e-05 ,0.00107421875  ,8.969748800305029  ,11.030036357109525 ,8.969845151424732  ,11.029940005989632 ,9.635111989325651e-05  ,0.00019270223978651302 ,8.975199083636188  ,11.024586073767754 ,0.005450283341771112
231 ,1.953125e-05 ,0.00109375     ,8.989481402343197  ,11.010299848864081 ,8.989575907656008  ,11.01020534355108  ,9.450531300103648e-05  ,0.00018901062600207297 ,8.995016496822258  ,11.004764754374028 ,0.005535094490053183
233 ,1.953125e-05 ,0.00111328125  ,9.008835947769835  ,10.990941397230932 ,9.008928642636038  ,10.990848702364536 ,9.269486639595925e-05  ,0.0001853897327919185  ,9.014450568763717  ,10.985326776225673 ,0.005614621005259224
235 ,1.953125e-05 ,0.0011328125   ,9.027819679048774  ,10.971953759746246 ,9.027910598151252  ,10.971862840643572 ,9.09191026732259e-05   ,0.0001818382053464518  ,9.03350871395142   ,10.966264724831838 ,0.005689034914407642
237 ,1.953125e-05 ,0.00115234375  ,9.046439699899322  ,10.95332983269071  ,9.046528877256542  ,10.953240655333298 ,8.917735741142963e-05  ,0.00017835471482285925 ,9.052198203466991  ,10.947571329110898 ,0.005758503579810892
239 ,1.953125e-05 ,0.001171875    ,9.064702977954216  ,10.935062648431591 ,9.064790446932943  ,10.934975179452673 ,8.746897891853678e-05  ,0.00017493795783707355 ,9.070526167756597  ,10.929239458616689 ,0.005823189814902818
241 ,1.953125e-05 ,0.00119140625  ,9.082616347366638  ,10.91714537281571  ,9.082702140694428  ,10.917059579487725 ,8.579332798497319e-05  ,0.00017158665596994638 ,9.088499599351099  ,10.911262120818343 ,0.005883251997367722
243 ,1.953125e-05 ,0.0012109375   ,9.100186511367294  ,10.899571302612358 ,9.100270661144743  ,10.899487152834716 ,8.414977764203968e-05  ,0.00016829955528407936 ,9.10612535553356   ,10.893632458432801 ,0.0059388441795569236
245 ,1.953125e-05 ,0.00123046875  ,9.117420044772505  ,10.882333863005211 ,9.117502582485251  ,10.882251325292273 ,8.253771293809109e-05  ,0.00016507542587618218 ,9.123410160955194  ,10.876343746808852 ,0.005990116196359807
247 ,1.953125e-05 ,0.00125        ,9.134323396444262  ,10.86542660513228  ,9.13440435297477   ,10.865345648601581 ,8.09565306987281e-05   ,0.0001619130613974562  ,9.140360610200677  ,10.859389391361816 ,0.006037213770463623
249 ,1.953125e-05 ,0.00126953125  ,9.150902891703138  ,10.848843203672994 ,9.150982297342255  ,10.848763798033684 ,7.940563931008171e-05  ,0.00015881127862016342 ,9.156983170303873  ,10.842762925057832 ,0.006080278615161916
251 ,1.953125e-05 ,0.0012890625   ,9.167164734694982  ,10.832577454481505 ,9.167242619153269  ,10.832499570023023 ,7.788445848255776e-05  ,0.00015576891696511552 ,9.17328418321489   ,10.826458005946787 ,0.0061194485347186856
253 ,1.953125e-05 ,0.00130859375  ,9.183115010712271  ,10.816623272265335 ,9.183191403131126  ,10.816546879846287 ,7.639241904833227e-05  ,0.00015278483809666454 ,9.189269868219414  ,10.810468414742994 ,0.0061548575223415725
255 ,1.953125e-05 ,0.001328125    ,9.198759688471     ,10.800974688308488 ,9.198834617433555  ,10.80089975934574  ,7.492896274818861e-05  ,0.00014985792549637722 ,9.204946324311265  ,10.794788052452645 ,0.006186635855842226
257 ,1.953125e-05 ,0.00134765625  ,9.214104622343946  ,10.785625848238185 ,9.214178115885758  ,10.785552354696177 ,7.349354200769653e-05  ,0.00014698708401539307 ,9.220319532519031  ,10.779410938047135 ,0.006214910191049583
259 ,1.953125e-05 ,0.0013671875   ,9.229155554551149  ,10.770571009834388 ,9.229227640170706  ,10.77049892421464  ,7.2085619747142e-05    ,0.000144171239494284   ,9.23539535818775   ,10.764331206181444 ,0.006239803652944076
261 ,1.953125e-05 ,0.00138671875  ,9.243918117308437  ,10.755804540881268 ,9.243988821977423  ,10.755733836212087 ,7.070466918079887e-05  ,0.00014140933836159775 ,9.250179553216405  ,10.749543104956576 ,0.006261435924692194
263 ,1.953125e-05 ,0.00140625     ,9.258397834934781  ,10.741320917059856 ,9.258467185108193  ,10.741251566886252 ,6.935017360376605e-05  ,0.0001387003472075321  ,9.264677758252187  ,10.735040993725342 ,0.006279923334513882
265 ,1.953125e-05 ,0.00142578125  ,9.272600125919286  ,10.727114719881044 ,9.27266814754531   ,10.727046698254826 ,6.802162621788455e-05  ,0.0001360432524357691  ,9.278895504842296  ,10.720819340940547 ,0.006295378940496477
267 ,1.953125e-05 ,0.0014453125   ,9.286530304948586  ,10.713180634658203 ,9.286597023478325  ,10.713113916128272 ,6.671852993100913e-05  ,0.00013343705986201826 ,9.29283821754412   ,10.706872722044796 ,0.006307912613406685
269 ,1.953125e-05 ,0.00146484375  ,9.300193584895393  ,10.699513448518617 ,9.300259025292378  ,10.699448008121442 ,6.544039717581995e-05  ,0.0001308807943516399  ,9.306511215994615  ,10.693195817401143 ,0.006317631117473965
271 ,1.953125e-05 ,0.001484375    ,9.313595078768957  ,10.686108048453038 ,9.313659265518487  ,10.686043861703315 ,6.418674972330507e-05  ,0.00012837349944661014 ,9.319919716939635  ,10.679783410263722 ,0.006324638189315834
273 ,1.953125e-05 ,0.00150390625  ,9.326739801628158  ,10.67295941940258  ,9.32680275874647   ,10.67289646228408  ,6.295711850157204e-05  ,0.00012591423700314408 ,9.333068836224047  ,10.666630384787673 ,0.006329034614907414
275 ,1.953125e-05 ,0.0015234375   ,9.339632672457954  ,10.660062642382293 ,9.339694423501202  ,10.660000891338855 ,6.175104343775217e-05  ,0.00012350208687550435 ,9.345963590743315  ,10.653731724077533 ,0.006330918304760402
277 ,1.953125e-05 ,0.00154296875  ,9.352278516009875  ,10.647412892640645 ,9.35233908408294   ,10.647352324567384 ,6.056807326082492e-05  ,0.00012113614652164983 ,9.358608900357362  ,10.641082508273376 ,0.006330384367268849
279 ,1.953125e-05 ,0.0015625      ,9.364682064607258  ,10.635005437854296 ,9.364741472372412  ,10.634946030088953 ,5.94077653435221e-05   ,0.0001188155306870442  ,9.371009589767404  ,10.62867791267399  ,0.006327525180306992
281 ,1.953125e-05 ,0.00158203125  ,9.376847959915906  ,10.622835636357445 ,9.376906229601268  ,10.622777366671894 ,5.82696855513376e-05   ,0.0001165393711026752  ,9.38317039035649   ,10.616513205896322 ,0.006322430461123574
283 ,1.953125e-05 ,0.0016015625   ,9.388780754680823  ,10.61089893540509  ,9.388837908088682  ,10.610841781997038 ,5.7153408052457166e-05 ,0.00011430681610491433 ,9.395095941994432  ,10.604583748070555 ,0.006315187334536176
285 ,1.953125e-05 ,0.00162109375  ,9.400484914429672  ,10.599190869469567 ,9.40054097294466   ,10.599134810954387 ,5.605851517920257e-05  ,0.00011211703035840515 ,9.406790794807849  ,10.59288498907008  ,0.006305880399485986
287 ,1.953125e-05 ,0.001640625    ,9.411964819143611  ,10.587707058569714 ,9.412019803740685  ,10.58765207397245  ,5.4984597264606805e-05 ,0.00010996919452921361 ,9.418259410915931  ,10.581412466775705 ,0.006294591794009818
289 ,1.953125e-05 ,0.00166015625  ,9.423224764896114  ,10.576443206632062 ,9.423278696148413  ,10.576389275379569 ,5.393125249320008e-05  ,0.00010786250498640015 ,9.429506166132677  ,10.570161805373425 ,0.006281401258636521
291 ,1.953125e-05 ,0.0016796875   ,9.434268965460396  ,10.565395099883395 ,9.43432186354694   ,10.565342201796657 ,5.2898086737585004e-05 ,0.00010579617347517001 ,9.44053535163618   ,10.559128713685153 ,0.0062663861982414915
293 ,1.953125e-05 ,0.00169921875  ,9.445101553886046  ,10.55455860527412  ,9.445153438599283  ,10.554506720560688 ,5.1884713432315266e-05 ,0.00010376942686463053 ,9.451351175605636  ,10.548308983531692 ,0.006249621742428602
295 ,1.953125e-05 ,0.00171875     ,9.45572658404546   ,10.543929668931845 ,9.45577747479867   ,10.543878778178442 ,5.089075340336535e-05  ,0.0001017815068067307  ,9.461957764826687  ,10.537698488127399 ,0.006231180804446623
297 ,1.953125e-05 ,0.00173828125  ,9.46614803215064   ,10.533504314644567 ,9.466197947985208  ,10.533454398809807 ,4.991583475977279e-05  ,9.983166951954558e-05  ,9.472359166265713  ,10.527293180505891 ,0.006211134138675689
299 ,1.953125e-05 ,0.0017578125   ,9.476369798240949  ,10.523278642372922 ,9.476418757833471  ,10.523229682780205 ,4.895959271777883e-05  ,9.791918543555767e-05  ,9.482559348613686  ,10.517089091976201 ,0.0061895503967210885
301 ,1.953125e-05 ,0.00177734375  ,9.48639570764235   ,10.51324882679095  ,9.486443729311642  ,10.513200805121466 ,4.802166948358888e-05  ,9.604333896717776e-05  ,9.492562203800134  ,10.507082330608796 ,0.00616649618215348
303 ,1.953125e-05 ,0.001796875    ,9.496229512398696  ,10.503411115854792 ,9.496276614112636  ,10.503364014140658 ,4.71017141343566e-05   ,9.42034282687132e-05   ,9.502371548477868  ,10.497269079750872 ,0.00614203610392039
305 ,1.953125e-05 ,0.00181640625  ,9.505874892675612  ,10.493761829398832 ,9.505921092057864  ,10.493715630016386 ,4.619938244587729e-05  ,9.239876489175458e-05  ,9.51199112547894   ,10.487645596570374 ,0.006116232828457413
307 ,1.953125e-05 ,0.0018359375   ,9.515335458137459  ,10.4842973577587   ,9.515380772474074  ,10.484252043421892 ,4.531433680909913e-05  ,9.062867361819826e-05  ,9.521424605242478  ,10.478208210628166 ,0.006089147130534656
309 ,1.953125e-05 ,0.00185546875  ,9.524614749297944  ,10.475014160420693 ,9.52465919554382   ,10.474969714174629 ,4.444624606492198e-05  ,8.889249212984396e-05  ,9.530675587214901  ,10.468953322477844 ,0.006060837942849062
311 ,1.953125e-05 ,0.001875       ,9.53371623884484   ,10.465908764697039 ,9.533759833630064  ,10.465865169911623 ,4.359478541537953e-05  ,8.718957083075907e-05  ,9.539747601223016  ,10.459877402292587 ,0.006031362404451457
313 ,1.953125e-05 ,0.00189453125  ,9.542643332939335  ,10.456977764426549 ,9.542686092575414  ,10.456935004790278 ,4.275963627087265e-05  ,8.55192725417453e-05   ,9.548644108820614  ,10.450976988518612 ,0.006000775907937239
315 ,1.953125e-05 ,0.0019140625   ,9.551399372490486  ,10.448217818700165 ,9.551441312976447  ,10.448175878214013 ,4.19404861524697e-05   ,8.38809723049394e-05   ,9.557368504608968  ,10.442248686554644 ,0.005969132145521527
317 ,1.953125e-05 ,0.00193359375  ,9.559987634405262  ,10.439625650610921 ,9.560028771433632  ,10.439584513582357 ,4.1137028564008915e-05 ,8.227405712801783e-05  ,9.56592411753182   ,10.433689167456942 ,0.005936483153979211
319 ,1.953125e-05 ,0.001953125    ,9.568411332814634  ,10.431198046027845 ,9.568451681777324  ,10.43115769706496  ,4.0348962885516926e-05 ,8.069792577103385e-05  ,9.57431421214531   ,10.425295166669365 ,0.0059028793584801065
321 ,1.953125e-05 ,0.00197265625  ,9.576673620276182  ,10.422931852393354 ,9.576713196270239  ,10.422892276399102 ,3.9575994252416535e-05 ,7.915198850483307e-05  ,9.582541989863346  ,10.417063482778    ,0.0058683696153547515
323 ,1.953125e-05 ,0.0019921875   ,9.584777588953667  ,10.414823977543689 ,9.584816406786917  ,10.414785159710245 ,3.881783344361622e-05  ,7.763566688723245e-05  ,9.590610590178894  ,10.408990976289893 ,0.005833001253796155
325 ,1.953125e-05 ,0.00201171875  ,9.592726271773994  ,10.406871388551945 ,9.59276434597059   ,10.406833314355156 ,3.807419678913959e-05  ,7.614839357827918e-05  ,9.598523091861617  ,10.401074568435368 ,0.00579682011657745
327 ,1.953125e-05 ,0.00203125     ,9.60052264356202   ,10.399071110593265 ,9.600559988367873  ,10.399033765787216 ,3.73448060493331e-05   ,7.46896120986662e-05   ,9.60628251413239   ,10.393311239993556 ,0.0057598705997090605
329 ,1.953125e-05 ,0.00205078125  ,9.608169622153618  ,10.391420225831775 ,9.608206251541734  ,10.391383596443465 ,3.662938831006102e-05  ,7.325877662012203e-05  ,9.613891817815071  ,10.385698030140604 ,0.005722195691170384
331 ,1.953125e-05 ,0.0020703125   ,9.615670069487427  ,10.383915872328837 ,9.615705997163126  ,10.383879944652948 ,3.59276758885585e-05   ,7.1855351777117e-05    ,9.621353906465995  ,10.37823203532017  ,0.005683837008666259
333 ,1.953125e-05 ,0.00208984375  ,9.623026792675672  ,10.376555242972227 ,9.62306203208172   ,10.376520003565988 ,3.5239406239284676e-05 ,7.047881247856935e-05  ,9.628671627481635  ,10.37091040813578  ,0.005644834836447288
335 ,1.953125e-05 ,0.002109375    ,9.630242545054482  ,10.369335584425814 ,9.63027710937612   ,10.36930102010398  ,3.456432183313041e-05  ,6.912864366626081e-05  ,9.635847773184835  ,10.363730356264597 ,0.005605228161217113
337 ,1.953125e-05 ,0.00212890625  ,9.637320027214084  ,10.362254196099373 ,9.637353929383965  ,10.3622202939293   ,3.390217007392948e-05  ,6.780434014785897e-05  ,9.642885081890023  ,10.356689141392186 ,0.005565054707187045
339 ,1.953125e-05 ,0.0021484375   ,9.64426188800926   ,10.355308429138123 ,9.64429514071228   ,10.355275176434906 ,3.325270321674623e-05  ,6.650540643349245e-05  ,9.649786238947833  ,10.349784078167918 ,0.005524350970205205
341 ,1.953125e-05 ,0.00216796875  ,9.651070725550442  ,10.348495685431626 ,9.6511033412285    ,10.348463069753375 ,3.261567825063594e-05  ,6.523135650127188e-05  ,9.656553877769511  ,10.343012533180541 ,0.005483152251084533
343 ,1.953125e-05 ,0.0021875      ,9.65774908817584   ,10.341813416641676 ,9.657781079032478  ,10.341781425784845 ,3.199085683114333e-05  ,6.398171366228667e-05  ,9.663190580831529  ,10.336371923953592 ,0.005441492688083471
345 ,1.953125e-05 ,0.00220703125  ,9.664299475404922  ,10.335259123248806 ,9.664330853409899  ,10.335227745243637 ,3.1378005168392065e-05 ,6.275601033678413e-05  ,9.669698880660732  ,10.329859717960218 ,0.005399405288587289
347 ,1.953125e-05 ,0.0022265625   ,9.670724338873638  ,10.328830353617064 ,9.670755115767406  ,10.328799576723103 ,3.077689396135952e-05  ,6.155378792271904e-05  ,9.67608126080047   ,10.323473431657074 ,0.005356921959990046
349 ,1.953125e-05 ,0.00224609375  ,9.677026083251736  ,10.322524703076704 ,9.677056270549835  ,10.322494515778413 ,3.0187298291295406e-05 ,6.037459658259081e-05  ,9.68234015675801   ,10.317210629536891 ,0.005314073539812725
351 ,1.953125e-05 ,0.002265625    ,9.68320706714249   ,10.31633981302445  ,9.683236676139858  ,10.31631020402689  ,2.9608997561325623e-05 ,5.9217995122651246e-05 ,9.688477956933644  ,10.311068923199374 ,0.005270889825077063
353 ,1.953125e-05 ,0.00228515625  ,9.689269603965206  ,10.310273370040997 ,9.689298645740402  ,10.310244328265611 ,2.9041775386318136e-05 ,5.808355077263627e-05  ,9.694497003531827  ,10.305045970440071 ,0.005227399600926219
355 ,1.953125e-05 ,0.0023046875   ,9.695215962820813  ,10.30432310502542  ,9.695244448240159  ,10.304294619605878 ,2.848541954136863e-05  ,5.697083908273726e-05  ,9.700399593454675  ,10.299139474356869 ,0.005183630668550876
357 ,1.953125e-05 ,0.00232421875  ,9.70104836934087   ,10.298486792346154 ,9.701076309062524  ,10.298458852624304 ,2.793972184989002e-05  ,5.587944369978004e-05  ,9.706187979178196  ,10.293347182473756 ,0.005139609872397699
359 ,1.953125e-05 ,0.00234375     ,9.706769006520318  ,10.292762249008257 ,9.706796410998262  ,10.292734844530122 ,2.7404478135650834e-05 ,5.480895627130167e-05  ,9.711864369611565  ,10.287666885881556 ,0.0050953631267010024
361 ,1.953125e-05 ,0.00236328125  ,9.712380015534272  ,10.287147333836618 ,9.712406895022216  ,10.28712045434848  ,2.6879488137510066e-05 ,5.375897627502013e-05  ,9.717430930939791  ,10.282096418395263 ,0.005050915441355386
363 ,1.953125e-05 ,0.0023828125   ,9.717883496539168  ,10.281639946674801 ,9.717909861094391  ,10.281613582119386 ,2.6364555415270274e-05 ,5.272911083054055e-05  ,9.722889787450073  ,10.276633655727677 ,0.005006290947124015
365 ,1.953125e-05 ,0.00240234375  ,9.723281509458555  ,10.276238027599254 ,9.723307368945669  ,10.276212168111948 ,2.5859487305268658e-05 ,5.1718974610537316e-05 ,9.728243022342168  ,10.27127651467904  ,0.004961512920214517
367 ,1.953125e-05 ,0.002421875    ,9.728576074753853  ,10.270939556148559 ,9.728601438848491  ,10.270914192053729 ,2.5364094829782857e-05 ,5.0728189659565714e-05 ,9.733492678523113  ,10.266022952342318 ,0.004916603806240261
369 ,1.953125e-05 ,0.00244140625  ,9.733769174180317  ,10.26574255056746  ,9.733794052372758  ,10.265717672374828 ,2.487819263130575e-05  ,4.97563852626115e-05   ,9.738640759386538  ,10.260870965323878 ,0.004871585243581222
371 ,3.90625e-05  ,0.00248046875  ,9.74376476758336   ,10.255739144858204 ,9.743858713351772  ,10.255645199089027 ,9.394576917642894e-05  ,0.00018789153835285788 ,9.748640015739133  ,10.25086389666354  ,0.004875248194663229
373 ,3.90625e-05  ,0.00251953125  ,9.753384439951983  ,10.246111660186418 ,9.753474853924574  ,10.246021246213061 ,9.041397335707302e-05  ,0.00018082794671414604 ,9.758256056955592  ,10.241240043142394 ,0.00487161704402439
375 ,3.90625e-05  ,0.00255859375  ,9.762642323655959  ,10.236845964182333 ,9.762729338607011  ,10.236758949230515 ,8.70149518181762e-05   ,0.0001740299036363524  ,9.767503563777286  ,10.23198472401906  ,0.0048612401632723845
377 ,3.90625e-05  ,0.00259765625  ,9.771552019772964  ,10.22792845576827  ,9.771635763485238  ,10.22784471205523  ,8.374371303965233e-05  ,0.00016748742607930467 ,9.77639665453523   ,10.223083820962529 ,0.004844634805740711
379 ,3.90625e-05  ,0.00263671875  ,9.780126618061962  ,10.219346045185263 ,9.780207213514363  ,10.219265449732097 ,8.059545316640992e-05  ,0.00016119090633281985 ,9.784948906695668  ,10.214523756506559 ,0.0048222886787048225
381 ,3.90625e-05  ,0.00267578125  ,9.78837871618572   ,10.211086134770552 ,9.78845628173388   ,10.211008569221624 ,7.756554892779377e-05  ,0.00015513109785558754 ,9.793173377580272  ,10.206291473329467 ,0.004794661441085424
383 ,3.90625e-05  ,0.00271484375  ,9.796320438210657  ,10.20313660045771  ,9.796395087760752  ,10.203061950906852 ,7.464955085900726e-05  ,0.00014929910171801453 ,9.801082624292588  ,10.198374414327722 ,0.004762186129989132
385 ,3.90625e-05  ,0.00275390625  ,9.803963452411221  ,10.195485773972296 ,9.804035295587237  ,10.195413930795512 ,7.184317678365915e-05  ,0.0001436863535673183  ,9.808688722881074  ,10.190760503452855 ,0.004725270519440272
387 ,3.90625e-05  ,0.00279296875  ,9.811318988404928  ,10.18812242569679  ,9.811388130709654  ,10.188053283391298 ,6.914230549170952e-05  ,0.00013828461098341904 ,9.816003286768034  ,10.183438127282567 ,0.004684298414222354
389 ,3.90625e-05  ,0.00283203125  ,9.818397853643221  ,10.181035748179749 ,9.818464396613168  ,10.180969205209037 ,6.65429707122911e-05   ,0.0001330859414245822  ,9.823037484472554  ,10.17639611729777  ,0.004639630881978718
391 ,3.90625e-05  ,0.00287109375  ,9.825210449282375  ,10.174215340264897 ,9.825274490636895  ,10.174151298909612 ,6.404135528548238e-05  ,0.00012808271057096476 ,9.829802056654474  ,10.169623732838625 ,0.004591607426272404
393 ,3.90625e-05  ,0.00291015625  ,9.831766785457756  ,10.167651191816873 ,9.831828419242543  ,10.167589558031322 ,6.163378555079646e-05  ,0.00012326757110159292 ,9.836307332505413  ,10.163110644713512 ,0.004540547103360382
395 ,3.90625e-05  ,0.00294921875  ,9.838076495983845  ,10.161333669021191 ,9.838135812709039  ,10.16127435229523  ,5.9316725961267025e-05 ,0.00011863345192253405 ,9.842563245511876  ,10.156846919435932 ,0.004486749585259631
397 ,3.90625e-05  ,0.00298828125  ,9.844148852501652  ,10.155253500236842 ,9.844205939274756  ,10.15519641346297  ,5.7086773871617424e-05 ,0.00011417354774323485 ,9.848579348614475  ,10.150823004065263 ,0.004430496171579534
399 ,3.90625e-05  ,0.00302734375  ,9.849992778094252  ,10.149401762380752 ,9.850047718748055  ,10.149346821726187 ,5.494065456446151e-05  ,0.00010988130912892302 ,9.854364828786412  ,10.145029711628304 ,0.00437205075244762
401 ,3.90625e-05  ,0.00306640625  ,9.855616860390471  ,10.143769867824096 ,9.855669735606146  ,10.143716992607654 ,5.2875216441705675e-05 ,0.00010575043288341135 ,9.859928521053481  ,10.139458207099269 ,0.004311660724827249
403 ,3.90625e-05  ,0.00310546875  ,9.861029364175943  ,10.138349551781237 ,9.861080251601543  ,10.138298664354874 ,5.08874263633885e-05   ,0.000101774852726777   ,9.865278921976943  ,10.134099993916893 ,0.004249557864344666
405 ,3.90625e-05  ,0.00314453125  ,9.866238243530077  ,10.133132860172768 ,9.866287217894548  ,10.133083885807533 ,4.897436523521037e-05  ,9.794873047042074e-05  ,9.870424202619914  ,10.12894690101806  ,0.004185959154709096
407 ,3.90625e-05  ,0.00318359375  ,9.87125115350674   ,10.128112137944822 ,9.871298286729674  ,10.128065004721122 ,4.7133223699091786e-05 ,9.426644739818357e-05  ,9.875372221016995  ,10.123991070368167 ,0.00412106757665498
409 ,3.90625e-05  ,0.00322265625  ,9.876075461375823  ,10.123280017827508 ,9.876120822673066  ,10.1232346565295   ,4.536129800847277e-05  ,9.072259601694554e-05  ,9.880130534166213  ,10.11922494496919  ,0.004055072858317743
411 ,3.90625e-05  ,0.00326171875  ,9.880718257442176  ,10.118629409515977 ,9.88076191342748   ,10.118585753529905 ,4.3655986072366204e-05 ,8.731197214473241e-05  ,9.884706409561543  ,10.114641257327152 ,0.003988152188824756
413 ,3.90625e-05  ,0.00330078125  ,9.885186365457837  ,10.114153489258188 ,9.885228380240672  ,10.114111474474587 ,4.2014783600663463e-05 ,8.402956720132693e-05  ,9.889106836283638  ,10.110233018361399 ,0.003920470896789041
415 ,3.90625e-05  ,0.00333984375  ,9.889486352642818  ,10.109845689834133 ,9.889526787922524  ,10.109805254553658 ,4.0435280475037416e-05 ,8.087056095007483e-05  ,9.89333853566568   ,10.105993506738752 ,0.0038521830953808234
417 ,3.90625e-05  ,0.00337890625  ,9.893624539329153  ,10.105699690911772 ,9.893663454485548  ,10.105660775754613 ,3.891515715892524e-05  ,7.783031431785048e-05  ,9.897407971550617  ,10.101916258616264 ,0.003783432295508149
419 ,3.90625e-05  ,0.00341796875  ,9.897607008242414  ,10.101709409765537 ,9.897644460422992  ,10.101671957584195 ,3.7452181341990354e-05 ,7.490436268398071e-05  ,9.90132136015546   ,10.097995057776917 ,0.003714351988620024
421 ,3.90625e-05  ,0.00345703125  ,9.90143961343428   ,10.09786899234375  ,9.901475657638128  ,10.097832948139137 ,3.604420461300606e-05  ,7.208840922601212e-05  ,9.905084679557694  ,10.094223926143234 ,0.0036450662005158563
423 ,3.90625e-05  ,0.00349609375  ,9.905127988879293  ,10.094172804671866 ,9.90516267803787   ,10.094138115512525 ,3.468915934057293e-05  ,6.937831868114586e-05  ,9.908703678818242  ,10.090597114654287 ,0.0035756900175787365
425 ,3.90625e-05  ,0.00353515625  ,9.908677556748447  ,10.090615424578893 ,9.908710941803305  ,10.090582039523273 ,3.33850556195614e-05   ,6.67701112391228e-05   ,9.912183886754969  ,10.087109094492215 ,0.003506330086677778
427 ,3.90625e-05  ,0.00357421875  ,9.912093535371719  ,10.087191633734854 ,9.912125665349313  ,10.087159503756498 ,3.21299783561102e-05   ,6.42599567122204e-05   ,9.91553062038005   ,10.083754548644837 ,0.0034370850900167227
429 ,3.90625e-05  ,0.00361328125  ,9.915380946901266  ,10.083896409987592 ,9.91541186898495   ,10.083865487903141 ,3.0922084450324405e-05 ,6.184416890064881e-05  ,9.918748993014129  ,10.080528363791517 ,0.003368046196074559
431 ,3.90625e-05  ,0.00365234375  ,9.918544624686534  ,10.080724919987661 ,9.918574384285856  ,10.080695160387574 ,2.975960008733125e-05  ,5.95192001746625e-05   ,9.921843922089598  ,10.077425622499854 ,0.003299297487806996
433 ,3.90625e-05  ,0.00369140625  ,9.921589220372104  ,10.07767251209048  ,9.92161786118948   ,10.077643871272338 ,2.8640818142022795e-05 ,5.728163628404559e-05  ,9.92482013665499   ,10.074441595721321 ,0.0032309163691586207
435 ,3.90625e-05  ,0.00373046875  ,9.924519210728695  ,10.074734709525329 ,9.9245467748236    ,10.07470714542966  ,2.7564095669063704e-05 ,5.512819133812741e-05  ,9.927682184591822  ,10.071571735574404 ,0.0031629739509249077
437 ,3.90625e-05  ,0.00376953125  ,9.927338904227382  ,10.071907203821134 ,9.927365432078103  ,10.07188067596965  ,2.6527851483493237e-05 ,5.305570296698647e-05  ,9.930434439555006  ,10.068811668404182 ,0.0030955354169517335
439 ,3.90625e-05  ,0.00380859375  ,9.930052447366638  ,10.069185848479421 ,9.930077977929724  ,10.06916031791557  ,2.5530563851461352e-05 ,5.1061127702922704e-05 ,9.933081107647373  ,10.066157188107828 ,0.003028660371592551
441 ,3.90625e-05  ,0.00384765625  ,9.932663830761538  ,10.066566652885118 ,9.932688401529004  ,10.066542082116886 ,2.4570768232479168e-05 ,4.9141536464958335e-05 ,9.93562623383848   ,10.063604249715787 ,0.0029624031693309405
443 ,7.8125e-05   ,0.00392578125  ,9.937507570094452  ,10.0617072891656   ,9.93759533630291   ,10.061619522954091 ,8.776621150907715e-05  ,0.0001755324230181543  ,9.940427271529831  ,10.058787587631723 ,0.002919701533876662
445 ,7.8125e-05   ,0.00400390625  ,9.94199974772867   ,10.057199487156982 ,9.94208115406684   ,10.057118080815764 ,8.140634121822643e-05  ,0.00016281268243645286 ,9.944866918451162  ,10.05433231632989  ,0.0028671708270913143
447 ,7.8125e-05   ,0.00408203125  ,9.946165839150046  ,10.053017771373412 ,9.946241346478093  ,10.052942264042313 ,7.55073310987342e-05   ,0.0001510146621974684  ,9.948972333548184  ,10.050211276864566 ,0.002806494508845958
449 ,7.8125e-05   ,0.00416015625  ,9.95002947379474   ,10.049138512378732 ,9.950099509577166  ,10.049068476593256 ,7.003578547681855e-05  ,0.0001400715709536371  ,9.952768634739622  ,10.04639935131704  ,0.0027391610616920303
451 ,7.8125e-05   ,0.00423828125  ,9.95361256882092   ,10.04553979301477  ,9.95367752954654   ,10.045474832286102 ,6.496072866823965e-05  ,0.0001299214573364793  ,9.956279052302783  ,10.042873309409991 ,0.0026664836047789464
453 ,7.8125e-05   ,0.00431640625  ,9.956935453186896  ,10.042201284323221 ,9.956995706613446  ,10.042141030893621 ,6.0253429600365394e-05 ,0.00012050685920073079 ,9.959525070732077  ,10.03961166664902  ,0.0025896176742019605
455 ,7.8125e-05   ,0.00439453125  ,9.96001698273805   ,10.039104130458702 ,9.960072869974159  ,10.03904824321954  ,5.588723916183369e-05  ,0.00011177447832366738 ,9.962526559936657  ,10.036594553124965 ,0.002509577333736246
457 ,7.8125e-05   ,0.00447265625  ,9.96287464695416   ,10.036230841941432 ,9.96292648439044   ,10.0361790045021   ,5.183743933123708e-05  ,0.00010367487866247416 ,9.96530189657842   ,10.033803592175936 ,0.002427249765496242
459 ,7.8125e-05   ,0.00455078125  ,9.965524667961397  ,10.033565196645243 ,9.965572749061604  ,10.033517115541985 ,4.808110325882353e-05  ,9.616220651764706e-05  ,9.96786807629132   ,10.031221788167977 ,0.0023434084772659958
461 ,7.8125e-05   ,0.00462890625  ,9.967982092369539  ,10.031092147960354 ,9.968026689331941  ,10.031047550994902 ,4.4596965452115e-05    ,8.919393090423e-05     ,9.970240817467236  ,10.028833422709205 ,0.0022587252511492295
463 ,7.8125e-05   ,0.00470703125  ,9.970260876454326  ,10.028797739611027 ,9.970302241752675  ,10.028756374309626 ,4.1365301401086185e-05 ,8.273060280217237e-05  ,9.972434657242257  ,10.026623958663539 ,0.002173780947488879
465 ,7.8125e-05   ,0.00478515625  ,9.972373965167169  ,10.02666902664585  ,9.972412332980019  ,10.026630658829948 ,3.836781590216276e-05  ,7.673563180432552e-05  ,9.974463040269436  ,10.024579951377921 ,0.002089075267928564
467 ,7.8125e-05   ,0.00486328125  ,9.97433336541952   ,10.024694002153371 ,9.974368952955967  ,10.024658414613874 ,3.558753949661764e-05  ,7.117507899323527e-05  ,9.976338400820186  ,10.022688966580933 ,0.0020050355724379187
469 ,7.8125e-05   ,0.00494140625  ,9.976150214056785  ,10.022861529288184 ,9.976183222786133  ,10.022828520555787 ,3.30087323963113e-05   ,6.60174647926226e-05   ,9.978072238715685  ,10.02093950445141  ,0.001922024836773062
471 ,7.8125e-05   ,0.00501953125  ,9.977834840906587  ,10.021161278222667 ,9.977865457698915  ,10.02113066142729  ,3.061679537808004e-05  ,6.123359075616008e-05  ,9.979675189551882  ,10.01932092939339  ,0.0018403488292779713
473 ,7.8125e-05   ,0.00509765625  ,9.979396827258313  ,10.019583667667431 ,9.97942522544239   ,10.019555269480305 ,2.839818712629949e-05  ,5.679637425259898e-05  ,9.98115708964708   ,10.017823405088578 ,0.0017602625788537551
475 ,7.8125e-05   ,0.00517578125  ,9.98084506010502   ,10.018119810629422 ,9.980871400449564  ,10.01809347028183  ,2.6340347591968793e-05 ,5.268069518393759e-05  ,9.982527036108584  ,10.016437834429665 ,0.0016819761997570737
477 ,7.8125e-05   ,0.00525390625  ,9.98218778245476   ,10.016761464100584 ,9.982212214078574  ,10.016737032473722 ,2.443162686205369e-05  ,4.886325372410738e-05  ,9.983793442385291  ,10.015155803967758 ,0.0016056601328262587
479 ,0.00015625   ,0.00541015625  ,9.984508217870737  ,10.014409780375235 ,9.984586724382451  ,10.014331273851322 ,7.850652391283575e-05  ,0.0001570130478256715  ,9.986046174293188  ,10.012871823726075 ,0.0015379566491606766
481 ,0.00015625   ,0.00556640625  ,9.98651296958536   ,10.012373780400063 ,9.986580867108177  ,10.012305882865046 ,6.789753501657003e-05  ,0.00013579507003314006 ,9.987970777919948  ,10.010915971814356 ,0.0014578085857070988
483 ,0.00015625   ,0.00572265625  ,9.988244697561575  ,10.010610804212128 ,9.988303419742646  ,10.010552082018856 ,5.872219327152095e-05  ,0.0001174443865430419  ,9.989614718558213  ,10.009240782939957 ,0.001370021272171229
485 ,0.00015625   ,0.00587890625  ,9.989740296902461  ,10.009083956708345 ,9.989791083652833  ,10.009033169945772 ,5.078676257319614e-05  ,0.00010157352514639229 ,9.99101859542425   ,10.00780565788661  ,0.0012782988217345803
487 ,0.00015625   ,0.00603515625  ,9.991031676886362  ,10.007761328610371 ,9.991075600561537  ,10.007717404922996 ,4.392368737526908e-05  ,8.784737475053817e-05  ,9.99221713486799   ,10.006575870304387 ,0.0011854583059847101
489 ,0.00015625   ,0.00619140625  ,9.992146434726981  ,10.006615322704505 ,9.99218442276955   ,10.006577334649736 ,3.798805476940004e-05  ,7.597610953880007e-05  ,9.993240039910576  ,10.005521717172142 ,0.001093605532362929
491 ,0.00015625   ,0.00634765625  ,9.993108438284818  ,10.005622071130245 ,9.9931412928073    ,10.005589216595565 ,3.285453468038213e-05  ,6.570906936076426e-05  ,9.994112716892355  ,10.004617792149533 ,0.0010042789807123143
493 ,0.00015625   ,0.00650390625  ,9.993938330033817  ,10.004760931413648 ,9.993966744755138  ,10.004732516680129 ,2.8414733518999924e-05 ,5.682946703799985e-05  ,9.99485689700782   ,10.00384236404206  ,0.0009185673715883524
495 ,0.00015625   ,0.00666015625  ,9.994653962924419  ,10.004014050604274 ,9.994678537817709  ,10.003989475698782 ,2.457490549190311e-05  ,4.914981098380622e-05  ,9.995491167932643  ,10.003176845174055 ,0.0008372054302192566
497 ,0.0003125    ,0.00697265625  ,9.99573701125566   ,10.002868506630787 ,9.995802127149574  ,10.002803390688051 ,6.511594273561627e-05  ,0.00013023188547123254 ,9.996491277888975  ,10.00211423947783  ,0.0007542671529563449
499 ,0.0003125    ,0.00728515625  ,9.996554751076845  ,10.001988271362654 ,9.99660436318068   ,10.001938659209994 ,4.961215265986141e-05  ,9.922430531972282e-05  ,9.997214587621418  ,10.001328434200794 ,0.0006598371618604659
501 ,0.0003125    ,0.00759765625  ,9.997170351104092  ,10.001310176083757 ,9.99720815079644   ,10.001272376342586 ,3.779974117179563e-05  ,7.559948234359126e-05  ,9.997735386010179  ,10.000745140462739 ,0.00056503562101895
503 ,0.0003125    ,0.00791015625  ,9.997631939883018  ,10.000786092248479 ,9.997660739642805  ,10.000757292439868 ,2.8799808610813216e-05 ,5.759961722162643e-05  ,9.99810802396107   ,10.000310007357854 ,0.00047608489062511694
505 ,0.0003125    ,0.00822265625  ,9.997976186781711  ,10.000379350488728 ,9.997998129450021  ,10.000357407771595 ,2.1942717133072165e-05 ,4.388543426614433e-05  ,9.998372265446227  ,9.999983270913996  ,0.00039607957473286604
507 ,0.000625     ,0.00884765625  ,9.99837583917798   ,9.99985470915153   ,9.998417757163484  ,9.99981279097073   ,4.191818080023779e-05  ,8.383636160047558e-05  ,9.998684118970342  ,9.99954642805837   ,0.00030828109315983454
509 ,0.000625     ,0.00947265625  ,9.99859774316994   ,9.999507816999818  ,9.998623538815767  ,9.999482021158691  ,2.5795841127163044e-05 ,5.159168225432609e-05  ,9.998821998842049  ,9.999283559636334  ,0.00022425736348452574
511 ,0.000625     ,0.01009765625  ,9.998710263678701  ,9.999270309112475  ,9.998726137884734  ,9.999254434711148  ,1.58744013276646e-05   ,3.17488026553292e-05   ,9.998866757509568  ,9.999113813199664  ,0.00015649591281174935
513 ,0.00125      ,0.01134765625  ,9.998740846038494  ,9.99898975512017   ,9.998759256082948  ,9.998971344294558  ,1.841082561249152e-05  ,3.682165122498304e-05  ,9.998829907437065  ,9.998900690077368  ,8.906504280226102e-05
515 ,0.0025       ,0.01384765625  ,9.998579776755713  ,9.998650893636192  ,9.998590750020707  ,9.998639917246715  ,1.0976389477335147e-05 ,2.1952778954670293e-05 ,9.998612425152901  ,9.998618235345832  ,3.265829036003254e-05
517 ,0.005        ,0.01884765625  ,9.998109503017774  ,9.998121355831188  ,9.998112520446158  ,9.99811832590579   ,3.0299253985788255e-06 ,6.059850797157651e-06  ,9.998115392406529  ,9.998115431555302  ,5.924275885860197e-06
519 ,0.01         ,0.02884765625  ,9.997115179088452  ,9.997116256616945  ,9.997115528239995  ,9.997115857484813  ,3.9913213178977003e-07 ,7.982642635795401e-07  ,9.99711565042774   ,9.997115650429516  ,6.06187429141869e-07
521 ,0.02         ,0.04884765625  ,9.995116668858365  ,9.995116720169246  ,9.995116590130023  ,9.995116599035217  ,1.2113402902969028e-07 ,2.4226805805938056e-07 ,9.995116427227526  ,9.995116427227526  ,2.929417206587459e-07
523 ,0.04         ,0.08884765625  ,9.991120245789503  ,9.991120247040989  ,9.991119846872088  ,9.991119846988436  ,4.000525528624621e-07  ,8.001051057249242e-07  ,9.991119180159345  ,9.991119180159345  ,1.0668816443626383e-06
525 ,0.08         ,0.16884765625  ,9.983133739416     ,9.98313373943145   ,9.983132143399025  ,9.983132143399772  ,1.596031678374743e-06  ,3.192063356749486e-06  ,9.983129481120951  ,9.983129481120951  ,4.2583104988835885e-06
527 ,0.16         ,0.32884765625  ,9.967186241437403  ,9.9671862414375    ,9.967179872632428  ,9.967179872632432  ,6.368805067324956e-06  ,1.2737610134649913e-05 ,9.967169245544468  ,9.967169245544468  ,1.6995893030724574e-05
529 ,0.32         ,0.64884765625  ,9.935392983889145  ,9.935392983889145  ,9.935367630478837  ,9.935367630478837  ,2.5353410308071034e-05 ,5.070682061614207e-05  ,9.935325281474748  ,9.935325281474748  ,6.77024143964644e-05
531 ,0.32         ,0.96884765625  ,9.903701140240512  ,9.903701140240512  ,9.903675867702328  ,9.903675867702328  ,2.5272538184850646e-05 ,5.054507636970129e-05  ,9.903583055222727  ,9.903583055222727  ,0.00011808501778531877
533 ,0.32         ,1.28884765625  ,9.872110387002241  ,9.872110387002241  ,9.872085195078213  ,9.872085195078213  ,2.519192402772319e-05  ,5.038384805544638e-05  ,9.871942241747732  ,9.871942241747732  ,0.00016814525450925544
535 ,0.32         ,1.60884765625  ,9.840620401716883  ,9.840620401716883  ,9.84059529014987   ,9.84059529014987   ,2.511156701245909e-05  ,5.022313402491818e-05  ,9.840402517047552  ,9.840402517047552  ,0.00021788466933081452
537 ,0.32         ,1.92884765625  ,9.809230862955562  ,9.809230862955562  ,9.809205831489239  ,9.809205831489239  ,2.503146632371056e-05  ,5.006293264742112e-05  ,9.808963558155135  ,9.808963558155135  ,0.0002673048004275813
539 ,0.32         ,2.24884765625  ,9.77794145031469   ,9.77794145031469   ,9.777916498693557  ,9.777916498693557  ,2.4951621133695312e-05 ,4.9903242267390624e-05 ,9.777625043135265  ,9.777625043135265  ,0.0003164071794259371
541 ,0.64         ,2.88884765625  ,9.715760582586158  ,9.715760582586157  ,9.7156617268868    ,9.7156617268868    ,9.885569935796923e-05  ,0.00019771139871593846 ,9.715248062111758  ,9.715248062111758  ,0.0005125204744000911
543 ,0.64         ,3.52884765625  ,9.653975141679428  ,9.653975141679428  ,9.65387691463317   ,9.65387691463317   ,9.822704625861434e-05  ,0.00019645409251722867 ,9.653269019007167  ,9.653269019007167  ,0.0007061226722608893
545 ,0.64         ,4.16884765625  ,9.592582612956525  ,9.592582612956525  ,9.592485010565568  ,9.592485010565568  ,9.760239095690793e-05  ,0.00019520478191381585 ,9.59168537515122   ,9.59168537515122   ,0.0008972378053044849
547 ,0.64         ,4.80884765625  ,9.531580497770811  ,9.53158049777081   ,9.531483516062783  ,9.531483516062783  ,9.698170802785455e-05  ,0.0001939634160557091  ,9.530494608069258  ,9.530494608069258  ,0.0010858897015531
549 ,0.64         ,5.44884765625  ,9.470966313365292  ,9.47096631336529   ,9.470869948393087  ,9.470869948393087  ,9.636497220455453e-05  ,0.00019272994440910907 ,9.469694211378902  ,9.469694211378902  ,0.0012721019863892735
551 ,0.64         ,6.08884765625  ,9.410737592771572  ,9.410737592771572  ,9.41064184061318   ,9.41064184061318   ,9.575215839063844e-05  ,0.00019150431678127688 ,9.409281694687406  ,9.409281694687406  ,0.0014558980841652414
553 ,0.64         ,6.72884765625  ,9.35089188470945   ,9.350891884709448  ,9.350796741467803  ,9.350796741467803  ,9.514324164605625e-05  ,0.0001902864832921125  ,9.34925458348964   ,9.34925458348964   ,0.0016373012198087622
555 ,0.64         ,7.36884765625  ,9.29142675348715   ,9.291426753487148  ,9.291332215289966  ,9.291332215289966  ,9.453819718352463e-05  ,0.00018907639436704926 ,9.289610419066735  ,9.289610419066735  ,0.0018163344204147336
557 ,0.64         ,8.00884765625  ,9.232339778902192  ,9.232339778902192  ,9.232245841901815  ,9.232245841901815  ,9.393700037740871e-05  ,0.00018787400075481742 ,9.23034675838538   ,9.23034675838538   ,0.0019930205168119386
559 ,0.64         ,8.64884765625  ,9.173628556142894  ,9.173628556142894  ,9.173535216516125  ,9.173535216516125  ,9.333962676905116e-05  ,0.00018667925353810233 ,9.171461173997743  ,9.171461173997743  ,0.002167382145151109
561 ,0.64         ,9.28884765625  ,9.115290695690494  ,9.115290695690494  ,9.115197949638457  ,9.115197949638457  ,9.274605203657416e-05  ,0.0001854921040731483  ,9.112951253942061  ,9.112951253942061  ,0.0023394417484325913
563 ,0.64         ,9.92884765625  ,9.057323823221891  ,9.05732382322189   ,9.057231666969868  ,9.057231666969868  ,9.215625202330102e-05  ,0.00018431250404660204 ,9.054814601643823  ,9.054814601643823  ,0.0025092215780677662
565 ,0.64         ,10.56884765625 ,8.999725579513024  ,8.999725579513024  ,8.999634009310299  ,8.999634009310299  ,9.157020272532179e-05  ,0.00018314040545064358 ,8.997048835817626  ,8.997048835817626  ,0.002676743695397832
567 ,0.64         ,11.20884765625 ,8.942493620342848  ,8.942493620342848  ,8.942402632462557  ,8.942402632462557  ,9.098788029149318e-05  ,0.00018197576058298637 ,8.939651590369625  ,8.939651590369625  ,0.002842029973223248
569 ,0.64         ,11.84884765625 ,8.885625616397919  ,8.885625616397919  ,8.885535207136897  ,8.885535207136897  ,9.040926102166225e-05  ,0.0001808185220433245  ,8.88262051430062   ,8.88262051430062   ,0.003005102097299428
571 ,0.64         ,12.48884765625 ,8.829119253177598  ,8.829119253177598  ,8.829029418856235  ,8.829029418856235  ,8.983432136311365e-05  ,0.0001796686427262273  ,8.825953271609762  ,8.825953271609762  ,0.003165981567835985
573 ,0.64         ,13.12884765625 ,8.772972230899857  ,8.772972230899857  ,8.772882967861936  ,8.772882967861936  ,8.92630379212278e-05   ,0.0001785260758424556  ,8.769647541198871  ,8.769647541198871  ,0.003324689700985317
575 ,0.64         ,13.76884765625 ,8.717182264407665  ,8.717182264407665  ,8.717093569020221  ,8.717093569020221  ,8.86953874434937e-05   ,0.0001773907748869874  ,8.713701016777353  ,8.713701016777353  ,0.003481247630311657
577 ,0.64         ,14.40884765625 ,8.661747083075994  ,8.661747083075994  ,8.661658951729173  ,8.661658951729173  ,8.81313468212852e-05   ,0.0001762626936425704  ,8.658111406767748  ,8.658111406767748  ,0.0036356763082459054
579 ,0.64         ,15.04884765625 ,8.606664430719405  ,8.606664430719405  ,8.606576859826301  ,8.606576859826301  ,8.757089310407196e-05  ,0.0001751417862081439  ,8.602876434211858  ,8.602876434211858  ,0.0037879965075475752
581 ,0.64         ,15.68884765625 ,8.551932065500221  ,8.551932065500221  ,8.551845051496738  ,8.551845051496738  ,8.701400348343213e-05  ,0.00017402800696686427 ,8.547993836677483  ,8.547993836677483  ,0.00393822882273831
583 ,0.64         ,16.32884765625 ,8.497547759837278  ,8.497547759837278  ,8.497461299181989  ,8.497461299181989  ,8.646065528949975e-05  ,0.0001729213105789995  ,8.493461366165757  ,8.493461366165757  ,0.0040863936715211935
585 ,0.64         ,16.96884765625 ,8.443509300315277  ,8.443509300315277  ,8.443423389489272  ,8.443423389489272  ,8.591082600517552e-05  ,0.00017182165201035104 ,8.439276789019063  ,8.439276789019063  ,0.00423251129621427
587 ,0.64         ,17.60884765625 ,8.389814487594688  ,8.389814487594688  ,8.389729123101441  ,8.389729123101441  ,8.53644932465869e-05   ,0.0001707289864931738  ,8.385437885829544  ,8.385437885829544  ,0.0043766017651432065
589 ,0.64         ,18.24884765625 ,8.336461136322242  ,8.336461136322242  ,8.336376314687456  ,8.336376314687456  ,8.482163478618077e-05  ,0.00016964326957236153 ,8.331942451348201  ,8.331942451348201  ,0.004518684974041065
591 ,0.64         ,18.88884765625 ,8.283447075041991  ,8.28344707504199   ,8.283362792813469  ,8.283362792813469  ,8.428222852252532e-05  ,0.00016856445704505063 ,8.278788294394555  ,8.278788294394555  ,0.004658780647435634
593 ,0.64         ,19.52884765625 ,8.230770146106922  ,8.23077014610692   ,8.230686399854417  ,8.230686399854417  ,8.374625250517909e-05  ,0.00016749250501035817 ,8.22597323776691   ,8.22597323776691   ,0.004796908340011896
595 ,0.64         ,20.16884765625 ,8.178428205591153  ,8.178428205591153  ,8.178344991906233  ,8.178344991906233  ,8.321368492048009e-05  ,0.00016642736984096018 ,8.173495118153157  ,8.173495118153157  ,0.004933087437995809
597 ,0.64         ,20.80884765625 ,8.126419123202673  ,8.126419123202671  ,8.126336438698576  ,8.126336438698576  ,8.268450409687489e-05  ,0.00016536900819374978 ,8.121351786042185  ,8.121351786042185  ,0.00506733716048835
599 ,0.64         ,21.44884765625 ,8.074740782196631  ,8.07474078219663   ,8.07465862350814   ,8.07465862350814   ,8.215868849070773e-05  ,0.00016431737698141546 ,8.069541105635818  ,8.069541105635818  ,0.005199676560813771
601 ,0.64         ,22.08884765625 ,8.023391079289196  ,8.023391079289194  ,8.023309443072494  ,8.023309443072494  ,8.163621670220778e-05  ,0.00016327243340441555 ,8.018060954761342  ,8.018060954761342  ,0.005330124527853641
603 ,0.64         ,22.72884765625 ,7.97236792457195   ,7.97236792457195   ,7.97228680750448   ,7.97228680750448   ,8.111706747016001e-05  ,0.00016223413494032002 ,7.96690922478458   ,7.96690922478458   ,0.005458699787370236
605 ,0.64         ,23.36884765625 ,7.921669241426834  ,7.921669241426834  ,7.921588640207169  ,7.921588640207169  ,8.060121966479983e-05  ,0.00016120243932959966 ,7.9160838205235216 ,7.9160838205235216 ,0.005585420903312155
607 ,0.64         ,24.00884765625 ,7.871292966441623  ,7.871292966441622  ,7.871212877789333  ,7.871212877789333  ,8.008865229047757e-05  ,0.00016017730458095514 ,7.865582660162503  ,7.865582660162503  ,0.005710306279119948
609 ,0.64         ,24.64884765625 ,7.821237049325951  ,7.821237049325951  ,7.8211574699814665 ,7.8211574699814665 ,7.957934448477033e-05  ,0.00015915868896954066 ,7.815403675166934  ,7.815403675166934  ,0.005833374159017524
611 ,0.64         ,25.28884765625 ,7.771499452827868  ,7.771499452827868  ,7.771420379552346  ,7.771420379552346  ,7.907327552203469e-05  ,0.00015814655104406938 ,7.765544810198573  ,7.765544810198573  ,0.005954642629294682
613 ,0.64         ,25.92884765625 ,7.7220781526509175 ,7.722078152650917  ,7.721999582226115  ,7.721999582226115  ,7.857042480274856e-05  ,0.00015714084960549712 ,7.716004023031343  ,7.716004023031343  ,0.006074129619574542
615 ,0.64         ,26.56884765625 ,7.6729711373717535 ,7.672971137371753  ,7.67289306659989   ,7.67289306659989   ,7.807077186328115e-05  ,0.0001561415437265623  ,7.6667792844676725 ,7.6667792844676725 ,0.0061918529040809744
617 ,0.64         ,27.20884765625 ,7.6241764083582755 ,7.624176408358275  ,7.624098834061909  ,7.624098834061909  ,7.757429636612301e-05  ,0.00015514859273224602 ,7.617868578255389  ,7.617868578255389  ,0.006307830102886491
619 ,0.64         ,27.84884765625 ,7.575691979688285  ,7.575691979688284  ,7.575614898710178  ,7.575614898710178  ,7.708097810699144e-05  ,0.00015416195621398288 ,7.569269901005127  ,7.569269901005127  ,0.006422078683158361
621 ,0.64         ,28.48884765625 ,7.52751587806866   ,7.527515878068659  ,7.527439287271655  ,7.527439287271655  ,7.659079700506055e-05  ,0.0001531815940101211  ,7.520981262108272  ,7.520981262108272  ,0.006534615960387846
623 ,0.64         ,29.12884765625 ,7.479646142755041  ,7.4796461427550405 ,7.479570039021928  ,7.479570039021928  ,7.61037331136194e-05   ,0.0001522074662272388  ,7.473000683655425  ,7.473000683655425  ,0.0066454590996167795
625 ,0.64         ,29.76884765625 ,7.432080825472035  ,7.432080825472035  ,7.432005205705426  ,7.432005205705426  ,7.561976660852565e-05  ,0.0001512395332170513  ,7.425326200355381  ,7.425326200355381  ,0.006754625116653479
627 ,0.64         ,30.40884765625 ,7.384817990333913  ,7.384817990333912  ,7.384742851456123  ,7.384742851456123  ,7.513887778998196e-05  ,0.00015027775557996392 ,7.377955859454643  ,7.377955859454643  ,0.006862130879270012
629 ,0.64         ,31.04884765625 ,7.337855713765825  ,7.3378557137658245 ,7.3377810527187375 ,7.3377810527187375 ,7.466104708786503e-05  ,0.00014932209417573006 ,7.330887720657422  ,7.330887720657422  ,0.0069679931084030144
631 ,0.64         ,31.68884765625 ,7.291192084425516  ,7.291192084425516  ,7.29111789817046   ,7.29111789817046   ,7.418625505639653e-05  ,0.00014837251011279307 ,7.284119856046171  ,7.284119856046171  ,0.007072228379344736
633 ,0.64         ,32.32884765625 ,7.244825203125528  ,7.244825203125527  ,7.244751488643158  ,7.244751488643158  ,7.371448236970224e-05  ,0.00014742896473940448 ,7.237650350002623  ,7.237650350002623  ,0.0071748531229047785
635 ,0.64         ,32.96884765625 ,7.198753182755903  ,7.198753182755903  ,7.198679937046077  ,7.198679937046077  ,7.324570982625289e-05  ,0.00014649141965250578 ,7.191477299129306  ,7.191477299129306  ,0.007275883626596702
637 ,0.64         ,33.60884765625 ,7.15297414820739   ,7.152974148207389  ,7.15290136828904   ,7.15290136828904   ,7.277991834975239e-05  ,0.00014555983669950479 ,7.145598812171605  ,7.145598812171605  ,0.007375336035784663
639 ,0.64         ,34.24884765625 ,7.107486236295115  ,7.107486236295115  ,7.107413919206136  ,7.107413919206136  ,7.231708897847966e-05  ,0.00014463417795695932 ,7.100013009940279  ,7.100013009940279  ,0.007473226354835383
641 ,0.64         ,34.88884765625 ,7.062287595682759  ,7.062287595682759  ,7.062215738479878  ,7.062215738479878  ,7.185720288038766e-05  ,0.00014371440576077532 ,7.054718025234496  ,7.054718025234496  ,0.007569570448263008
643 ,0.64         ,35.52884765625 ,7.017376386807206  ,7.017376386807205  ,7.01730498656587   ,7.01730498656587   ,7.140024133622802e-05  ,0.00014280048267245604 ,7.0097120027653474 ,7.0097120027653474 ,0.007664384041858874
645 ,0.64         ,36.16884765625 ,6.972750781803676  ,6.972750781803676  ,6.972679835617928  ,6.972679835617928  ,7.094618574754463e-05  ,0.00014189237149508926 ,6.964993099079862  ,6.964993099079862  ,0.007757682723813275
647 ,0.64         ,36.80884765625 ,6.928408964431329  ,6.928408964431329  ,6.928338469413694  ,6.928338469413694  ,7.04950176348973e-05   ,0.0001409900352697946  ,6.920559482485494  ,6.920559482485494  ,0.007849481945834569
649 ,0.64         ,37.44884765625 ,6.884349129999347  ,6.884349129999346  ,6.8842790832807115 ,6.8842790832807115 ,7.004671863519718e-05  ,0.00014009343727039436 ,6.876409332975095  ,6.876409332975095  ,0.007939797024251405
651 ,0.64         ,38.08884765625 ,6.840569485293481  ,6.84056948529348   ,6.840499884022977  ,6.840499884022977  ,6.960127050437137e-05  ,0.00013920254100874274 ,6.832540842152367  ,6.832540842152367  ,0.008028643141114067
653 ,0.64         ,38.72884765625 ,6.7970682485030745 ,6.797068248503074  ,6.796999089847963  ,6.796999089847963  ,6.91586551111456e-05   ,0.0001383173102222912  ,6.788952213157794  ,6.788952213157794  ,0.008116035345280714
655 ,0.64         ,39.36884765625 ,6.7538436491485365 ,6.753843649148536  ,6.753774930294094  ,6.753774930294094  ,6.871885444237336e-05  ,0.0001374377088847467  ,6.7456416605950364 ,6.7456416605950364 ,0.008201988553500072
657 ,0.64         ,40.00884765625 ,6.710893928009289  ,6.710893928009289  ,6.710825646158691  ,6.710825646158691  ,6.828185059859493e-05  ,0.00013656370119718986 ,6.702607410457809  ,6.702607410457809  ,0.008286517551480799
659 ,0.64         ,40.64884765625 ,6.668217337052169  ,6.668217337052168  ,6.668149489426374  ,6.668149489426374  ,6.784762579492565e-05  ,0.0001356952515898513  ,6.659847700057204  ,6.659847700057204  ,0.008369636994964402
661 ,0.64         ,41.28884765625 ,6.625812139360276  ,6.625812139360274  ,6.62574472319792   ,6.62574472319792   ,6.741616235572678e-05  ,0.00013483232471145357 ,6.617360777949512  ,6.617360777949512  ,0.008451361410764413
663 ,0.64         ,41.92884765625 ,6.583676609062289  ,6.583676609062289  ,6.583609621619567  ,6.583609621619567  ,6.698744272171098e-05  ,0.00013397488544342195 ,6.575144903864459  ,6.575144903864459  ,0.00853170519783042
665 ,0.64         ,42.56884765625 ,6.541809031262224  ,6.541809031262224  ,6.541742469812778  ,6.541742469812778  ,6.656144944550135e-05  ,0.0001331228988910027  ,6.533198348633941  ,6.533198348633941  ,0.008610682628282795
667 ,0.64         ,43.20884765625 ,6.5002077019696305 ,6.5002077019696305 ,6.500141563804442  ,6.500141563804442  ,6.61381651880788e-05   ,0.0001322763303761576  ,6.491519394121193  ,6.491519394121193  ,0.00868830784843766
669 ,0.64         ,43.84884765625 ,6.458870928030249  ,6.458870928030249  ,6.458805210457528  ,6.458805210457528  ,6.571757272144652e-05  ,0.00013143514544289303 ,6.4501063331504085 ,6.4501063331504085 ,0.008764594879840715
671 ,0.64         ,44.48884765625 ,6.417797027057096  ,6.417797027057096  ,6.417731727402165  ,6.417731727402165  ,6.529965493129453e-05  ,0.00013059930986258905 ,6.408957469436821  ,6.408957469436821  ,0.008839557620275329
673 ,0.64         ,45.12884765625 ,6.376984327361992  ,6.376984327361992  ,6.376919442967187  ,6.376919442967187  ,6.48843948045652e-05   ,0.0001297687896091304  ,6.368071117517221  ,6.368071117517221  ,0.00891320984477062
675 ,0.64         ,45.76884765625 ,6.3364311678875245 ,6.336431167887524  ,6.3363666961120835 ,6.3363666961120835 ,6.447177544099958e-05  ,0.00012894355088199916 ,6.327445602680916  ,6.327445602680916  ,0.008985565206608648
677 ,0.64         ,46.40884765625 ,6.296135898139443  ,6.296135898139443  ,6.2960718363593955 ,6.2960718363593955 ,6.406178004780827e-05  ,0.00012812356009561654 ,6.287079260901139  ,6.287079260901139  ,0.009056637238304077
679 ,0.64         ,47.04884765625 ,6.256096878119491  ,6.25609687811949   ,6.256033223727551  ,6.256033223727551  ,6.365439194055966e-05  ,0.00012730878388111933 ,6.246970438766888  ,6.246970438766888  ,0.009126439352603377
681 ,0.64         ,47.68884765625 ,6.216312478258647  ,6.216312478258647  ,6.216249228664113  ,6.216249228664113  ,6.324959453429813e-05  ,0.00012649918906859625 ,6.2071174934152    ,6.2071174934152    ,0.009194984843447607
683 ,0.64         ,48.32884765625 ,6.176781079350814  ,6.176781079350814  ,6.176718231979455  ,6.176718231979455  ,6.284737135864304e-05  ,0.0001256947427172861  ,6.167518792463859  ,6.167518792463859  ,0.00926228688695474
685 ,0.64         ,48.96884765625 ,6.13750107248691   ,6.137501072486909  ,6.137438624780869  ,6.137438624780869  ,6.244770604091343e-05  ,0.00012489541208182686 ,6.128172713944543  ,6.128172713944543  ,0.009328358542367354
687 ,0.64         ,49.60884765625 ,6.098470858989389  ,6.098470858989389  ,6.0984088084070756 ,6.0984088084070756 ,6.205058231323335e-05  ,0.0001241011646264667  ,6.089077646236371  ,6.089077646236371  ,0.009393212753018076
689 ,0.64         ,50.24884765625 ,6.059688850347179  ,6.059688850347179  ,6.059627194363163  ,6.059627194363163  ,6.165598401608463e-05  ,0.00012331196803216926 ,6.050231987999904  ,6.050231987999904  ,0.009456862347274608
691 ,0.64         ,50.88884765625 ,6.021153468151024  ,6.021153468151024  ,6.021092204255936  ,6.021092204255936  ,6.126389508764873e-05  ,0.00012252779017529747 ,6.0116341481115505 ,6.0116341481115505 ,0.0095193200394732
693 ,0.64         ,51.52884765625 ,5.982863144029248  ,5.982863144029248  ,5.982802269729678  ,5.982802269729678  ,6.087429957002399e-05  ,0.00012174859914004799 ,5.9732825455983924 ,5.9732825455983924 ,0.00958059843085568
695 ,0.64         ,52.16884765625 ,5.944816319583923  ,5.944816319583922  ,5.944755832402315  ,5.944755832402315  ,6.048718160833744e-05  ,0.00012097436321667487 ,5.935175609573429  ,5.935175609573429  ,0.009640710010494047
697 ,0.64         ,52.80884765625 ,5.907011446327438  ,5.907011446327438  ,5.906951343801994  ,5.906951343801994  ,6.0102525443639365e-05 ,0.00012020505088727873 ,5.897311779171233  ,5.897311779171233  ,0.009699667156205294
699 ,0.64         ,53.44884765625 ,5.869446985619485  ,5.869446985619485  ,5.869387265304059  ,5.869387265304059  ,5.9720315425337844e-05 ,0.00011944063085067569 ,5.859689503484016  ,5.859689503484016  ,0.009757482135468898
701 ,0.64         ,54.08884765625 ,5.8321214086044275 ,5.8321214086044275 ,5.832062068068431  ,5.832062068068431  ,5.9340535996099675e-05 ,0.00011868107199219935 ,5.822307241498107  ,5.822307241498107  ,0.009814167106320326
703 ,0.64         ,54.72884765625 ,5.795033196149085  ,5.795033196149085  ,5.794974232977388  ,5.794974232977388  ,5.896317169629128e-05  ,0.00011792634339258257 ,5.785163462030828  ,5.785163462030828  ,0.009869734118256979
705 ,0.64         ,55.36884765625 ,5.758180838780898  ,5.758180838780898  ,5.758122250573727  ,5.758122250573727  ,5.858820717108415e-05  ,0.0001171764143421683  ,5.748256643667781  ,5.748256643667781  ,0.009924195113117484
707 ,0.64         ,56.00884765625 ,5.7215628366265    ,5.7215628366265    ,5.721504620999342  ,5.721504620999342  ,5.821562715802031e-05  ,0.00011643125431604062 ,5.711585274700522  ,5.711585274700522  ,0.009977561925977874
709 ,0.64         ,56.64884765625 ,5.6851776993506675 ,5.685177699350667  ,5.685119853934175  ,5.685119853934175  ,5.784541649234143e-05  ,0.00011569083298468286 ,5.675147853064654  ,5.675147853064654  ,0.010029846286013111
711 ,0.64         ,57.28884765625 ,5.6490239460956655 ,5.6490239460956655 ,5.6489664685355585 ,5.6489664685355585 ,5.747756010698879e-05  ,0.00011495512021397758 ,5.6389428862782935 ,5.6389428862782935 ,0.010081059817371951
713 ,0.64         ,57.92884765625 ,5.613100105420982  ,5.6131001054209815 ,5.613042993377951  ,5.613042993377951  ,5.711204303171513e-05  ,0.00011422408606343026 ,5.602968891380935  ,5.602968891380935  ,0.010131214040047354
715 ,0.64         ,58.56884765625 ,5.577404715243435  ,5.577404715243435  ,5.577347966393045  ,5.577347966393045  ,5.6748850389531924e-05 ,0.00011349770077906385 ,5.567224394872722  ,5.567224394872722  ,0.010180320370713147
717 ,0.64         ,59.20884765625 ,5.541936322777668  ,5.541936322777668  ,5.541879934810271  ,5.541879934810271  ,5.638796739759755e-05  ,0.0001127759347951951  ,5.5317079326540775 ,5.5317079326540775 ,0.010228390123590891
719 ,0.64         ,59.84884765625 ,5.506693484477026  ,5.506693484477026  ,5.506637455097657  ,5.506637455097657  ,5.602937936899366e-05  ,0.00011205875873798732 ,5.496418049965745  ,5.496418049965745  ,0.010275434511281212
721 ,0.64         ,60.48884765625 ,5.471674765974798  ,5.471674765974798  ,5.471619092903087  ,5.471619092903087  ,5.5673071711837e-05    ,0.000111346143423674   ,5.461353301329195  ,5.461353301329195  ,0.010321464645603129
723 ,0.64         ,61.12884765625 ,5.4368787420258435 ,5.4368787420258435 ,5.436823422995924  ,5.436823422995924  ,5.531902991950943e-05  ,0.00011063805983901887 ,5.42651225048742   ,5.42651225048742   ,0.010366491538423617
725 ,0.64         ,61.76884765625 ,5.402303996448584  ,5.402303996448582  ,5.402249029208997  ,5.402249029208997  ,5.496723958664518e-05  ,0.00010993447917329036 ,5.391893470346108  ,5.391893470346108  ,0.010410526102475615
727 ,0.64         ,62.40884765625 ,5.367949122067362  ,5.367949122067362  ,5.367894504380969  ,5.367894504380969  ,5.461768639314357e-05  ,0.00010923537278628714 ,5.357495542915185  ,5.357495542915185  ,0.010453579152176928
729 ,0.64         ,63.04884765625 ,5.33381272065518   ,5.333812720655178  ,5.333758450299065  ,5.333758450299065  ,5.427035611482722e-05  ,0.00010854071222965445 ,5.323317059250732  ,5.323317059250732  ,0.010495661404448242
731 ,0.64         ,63.68884765625 ,5.299893402876778  ,5.299893402876778  ,5.299839477642165  ,5.299839477642165  ,5.392523461278387e-05  ,0.00010785046922556774 ,5.28935661939728   ,5.28935661939728   ,0.010536783479498268
733 ,0.64         ,64.32884765625 ,5.2661897882321025 ,5.2661897882321025 ,5.26613620592426   ,5.26613620592426   ,5.3582307842248156e-05 ,0.00010716461568449631 ,5.255612832330465  ,5.255612832330465  ,0.01057695590163732
735 ,0.64         ,64.96884765625 ,5.232700505000112  ,5.232700505000112  ,5.232647263438265  ,5.232647263438265  ,5.324156184727258e-05  ,0.00010648312369454516 ,5.222084315900053  ,5.222084315900053  ,0.010616189100058904
737 ,0.64         ,65.60884765625 ,5.199424190182952  ,5.199424190182951  ,5.199371287200195  ,5.199371287200195  ,5.2902982756286576e-05 ,0.00010580596551257315 ,5.18876969677332   ,5.18876969677332   ,0.010654493409631982
739 ,0.64         ,66.24884765625 ,5.166359489450478  ,5.166359489450478  ,5.166306922893685  ,5.166306922893685  ,5.256655679364286e-05  ,0.00010513311358728572 ,5.155667610378812  ,5.155667610378812  ,0.010691879071666577
741 ,0.64         ,66.88884765625 ,5.133505057085143  ,5.133505057085143  ,5.13345282481488   ,5.13345282481488   ,5.22322702636302e-05   ,0.0001044645405272604  ,5.122776700850439  ,5.122776700850439  ,0.01072835623470425
743 ,0.64         ,67.52884765625 ,5.100859555927219  ,5.100859555927219  ,5.100807655817656  ,5.100807655817656  ,5.1900109562907915e-05 ,0.00010380021912581583 ,5.090095620971951  ,5.090095620971951  ,0.010763934955267729
745 ,0.64         ,68.16884765625 ,5.068421657320378  ,5.068421657320378  ,5.068370087259208  ,5.068370087259208  ,5.1570061170735926e-05 ,0.00010314012234147185 ,5.057623032121745  ,5.057623032121745  ,0.010798625198633616
747 ,0.64         ,68.80884765625 ,5.036190041057619  ,5.036190041057619  ,5.036138798945963  ,5.036138798945963  ,5.124211165608017e-05  ,0.00010248422331216034 ,5.025357604218044  ,5.025357604218044  ,0.01083243683957491
749 ,0.64         ,69.44884765625 ,5.004163395327533  ,5.004163395327533  ,5.004112479079862  ,5.004112479079862  ,5.0916247670507175e-05 ,0.00010183249534101435 ,4.993298015664407  ,4.993298015664407  ,0.01086537966312573
751 ,0.64         ,70.08884765625 ,4.972340416660913  ,4.972340416660913  ,4.97228982420496   ,4.97228982420496   ,5.059245595262496e-05  ,0.00010118491190524992 ,4.961442953295607  ,4.961442953295607  ,0.01089746336530606
753 ,0.64         ,70.72884765625 ,4.940719809877705  ,4.940719809877705  ,4.940669539154381  ,4.940669539154381  ,5.027072332364213e-05  ,0.00010054144664728426 ,4.9297911123238345 ,4.9297911123238345 ,0.010928697553870492
755 ,0.64         ,71.36884765625 ,4.909300288034295  ,4.909300288034295  ,4.909250336997607  ,4.909250336997607  ,4.995103668825607e-05  ,9.990207337651213e-05  ,4.898341196285259  ,4.898341196285259  ,0.010959091749035643
757 ,0.64         ,72.00884765625 ,4.878080572371129  ,4.878080572371129  ,4.878030938988092  ,4.878030938988092  ,4.963338303731746e-05  ,9.926676607463492e-05  ,4.867091916986922  ,4.867091916986922  ,0.01098865538420668
759 ,0.64         ,72.64884765625 ,4.84705939226067   ,4.84705939226067   ,4.847010074511228  ,4.847010074511228  ,4.9317749441613046e-05 ,9.863549888322609e-05  ,4.836041994453974  ,4.836041994453974  ,0.011017397806695861
761 ,0.64         ,73.28884765625 ,4.8162354851556834 ,4.8162354851556834 ,4.81618648103263   ,4.81618648103263   ,4.900412305364199e-05  ,9.800824610728398e-05  ,4.805190156877249  ,4.805190156877249  ,0.011045328278434852
763 ,0.64         ,73.92884765625 ,4.785607596537851  ,4.785607596537851  ,4.78555890404674   ,4.78555890404674   ,4.869249111116858e-05  ,9.738498222233716e-05  ,4.774535140561163  ,4.774535140561163  ,0.011072455976687934
765 ,0.64         ,74.56884765625 ,4.755174479866714  ,4.755174479866713  ,4.755126097025785  ,4.755126097025785  ,4.838284092834044e-05  ,9.676568185668089e-05  ,4.744075689871964  ,4.744075689871964  ,0.011098789994750113
767 ,0.64         ,75.20884765625 ,4.7249348965289375 ,4.7249348965289375 ,4.724886821369033  ,4.724886821369033  ,4.807515990457034e-05  ,9.615031980914068e-05  ,4.713810557186293  ,4.713810557186293  ,0.01112433934264434
769 ,0.64         ,75.84884765625 ,4.694887615787904  ,4.694887615787904  ,4.6948398463523855 ,4.6948398463523855 ,4.7769435518318915e-05 ,9.553887103663783e-05  ,4.683738502840084  ,4.683738502840084  ,0.011149112947819617
771 ,0.64         ,76.48884765625 ,4.665031414733617  ,4.665031414733617  ,4.6649839490782945 ,4.6649839490782945 ,4.746565532265379e-05  ,9.493131064530758e-05  ,4.653858295077787  ,4.653858295077787  ,0.011173119655830455
773 ,0.64         ,77.12884765625 ,4.635365078232935  ,4.635365078232935  ,4.6353179144259755 ,4.6353179144259755 ,4.716380695946043e-05  ,9.432761391892086e-05  ,4.624168710001913  ,4.624168710001913  ,0.011196368231021658
775 ,0.64         ,77.76884765625 ,4.605887398880111  ,4.60588739888011   ,4.605840535001972  ,4.605840535001972  ,4.686387813901405e-05  ,9.37277562780281e-05   ,4.594668531522907  ,4.594668531522907  ,0.011218867357204232
777 ,0.64         ,78.40884765625 ,4.576597176947654  ,4.576597176947654  ,4.5765506110909975 ,4.5765506110909975 ,4.6565856656854976e-05 ,9.313171331370995e-05  ,4.565356551309335  ,4.565356551309335  ,0.011240625638319734
779 ,0.64         ,79.04884765625 ,4.547493220337503  ,4.547493220337503  ,4.547446950607121  ,4.547446950607121  ,4.626973038224236e-05  ,9.253946076448472e-05  ,4.536231568738388  ,4.536231568738388  ,0.011261651599115297
781 ,0.64         ,79.68884765625 ,4.518574344532504  ,4.518574344532503  ,4.5185283690452405 ,4.5185283690452405 ,4.597548726348322e-05  ,9.195097452696643e-05  ,4.507292390846709  ,4.507292390846709  ,0.011281953685794655
783 ,0.64         ,80.32884765625 ,4.489839372548204  ,4.489839372548204  ,4.489793689432878  ,4.489793689432878  ,4.56831153261561e-05   ,9.13662306523122e-05   ,4.478537832281525  ,4.478537832281525  ,0.011301540266678956
785 ,0.64         ,80.96884765625 ,4.461287134884949  ,4.461287134884948  ,4.46124174228228   ,4.46124174228228   ,4.539260266867018e-05  ,9.078520533734036e-05  ,4.4499667152520965 ,4.4499667152520965 ,0.011320419632852463
787 ,0.64         ,81.60884765625 ,4.432916469480283  ,4.432916469480283  ,4.432871365542814  ,4.432871365542814  ,4.5103937468482513e-05 ,9.020787493696503e-05  ,4.421577869481476  ,4.421577869481476  ,0.011338599998806487
789 ,0.64         ,82.24884765625 ,4.404726221661656  ,4.404726221661656  ,4.4046814045536795 ,4.4046814045536795 ,4.4817107976768966e-05 ,8.963421595353793e-05  ,4.393370132158572  ,4.393370132158572  ,0.011356089503084199
791 ,0.64         ,82.88884765625 ,4.376715244099428  ,4.376715244099428  ,4.376670711996907  ,4.376670711996907  ,4.4532102521088746e-05 ,8.906420504217749e-05  ,4.365342347890521  ,4.365342347890521  ,0.011372896208906802
793 ,0.64         ,83.52884765625 ,4.348882396760171  ,4.348882396760171  ,4.348838147850671  ,4.348838147850671  ,4.4248909500055333e-05 ,8.849781900011067e-05  ,4.337493368655359  ,4.337493368655359  ,0.011389028104812127
795 ,0.64         ,84.16884765625 ,4.321226546860274  ,4.321226546860274  ,4.321182579342883  ,4.321182579342883  ,4.396751739044191e-05  ,8.793503478088383e-05  ,4.309822053755002  ,4.309822053755002  ,0.011404493105271918
797 ,0.64         ,84.80884765625 ,4.293746568819834  ,4.293746568819834  ,4.2937028809051    ,4.2937028809051    ,4.368791473474687e-05  ,8.737582946949374e-05  ,4.282327269768525  ,4.282327269768525  ,0.011419299051309117
799 ,0.64         ,85.44884765625 ,4.2664413442168545 ,4.2664413442168545 ,4.266397934126696  ,4.266397934126696  ,4.341009015806918e-05  ,8.682018031613836e-05  ,4.255007890505732  ,4.255007890505732  ,0.011433453711122255
801 ,0.64         ,86.08884765625 ,4.2393097617417155 ,4.2393097617417155 ,4.239266627709364  ,4.239266627709364  ,4.313403235123303e-05  ,8.626806470246606e-05  ,4.227862796961028  ,4.227862796961028  ,0.01144696478068763
803 ,0.64         ,86.72884765625 ,4.212350717151951  ,4.212350717151951  ,4.212307857421873  ,4.212307857421873  ,4.285973007789323e-05  ,8.571946015578646e-05  ,4.200890877267586  ,4.200890877267586  ,0.011459839884365053
805 ,0.64         ,87.36884765625 ,4.185563113227304  ,4.185563113227304  ,4.185520526055127  ,4.185520526055127  ,4.258717217719976e-05  ,8.517434435439952e-05  ,4.174091026651805  ,4.174091026651805  ,0.01147208657549914
807 ,0.64         ,88.00884765625 ,4.158945859725072  ,4.158945859725072  ,4.158903543377519  ,4.158903543377519  ,4.231634755225144e-05  ,8.463269510450289e-05  ,4.147462147388056  ,4.147462147388056  ,0.011483712337015284
809 ,0.64         ,88.64884765625 ,4.132497873335731  ,4.132497873335731  ,4.132455826090549  ,4.132455826090549  ,4.204724518164227e-05  ,8.409449036328454e-05  ,4.121003148753724  ,4.121003148753724  ,0.011494724582006732
811 ,0.64         ,89.28884765625 ,4.10621807763885   ,4.10621807763885   ,4.106176297784733  ,4.106176297784733  ,4.1779854116796855e-05 ,8.355970823359371e-05  ,4.094712946984521  ,4.094712946984521  ,0.011505130654328788
813 ,0.64         ,89.92884765625 ,4.080105403059279  ,4.080105403059278  ,4.080063888895808  ,4.080063888895808  ,4.1514163471312315e-05 ,8.302832694262463e-05  ,4.068590465230112  ,4.068590465230112  ,0.011514937829167238
815 ,0.64         ,90.56884765625 ,4.054158786823615  ,4.054158786823615  ,4.054117536661185  ,4.054117536661185  ,4.125016243072821e-05  ,8.250032486145642e-05  ,4.042634633509988  ,4.042634633509988  ,0.011524153313627217
817 ,0.64         ,91.20884765625 ,4.028377172916954  ,4.028377172916954  ,4.028336185076702  ,4.028336185076702  ,4.098784025252655e-05  ,8.19756805050531e-05   ,4.016844388669655  ,4.016844388669655  ,0.011532784247298977
819 ,0.64         ,91.84884765625 ,4.002759512039907  ,4.002759512039907  ,4.002718784853645  ,4.002718784853645  ,4.072718626169092e-05  ,8.145437252338183e-05  ,3.99121867433708   ,3.99121867433708   ,0.011540837702826767
821 ,0.64         ,92.48884765625 ,3.9773047615658927 ,3.9773047615658923 ,3.977264293376046  ,3.977264293376046  ,4.0468189846709635e-05 ,8.093637969341927e-05  ,3.9657564408794173 ,3.9657564408794173 ,0.011548320686475488
823 ,0.64         ,93.12884765625 ,3.9520118854987087 ,3.9520118854987083 ,3.9519716746582416 ,3.9519716746582416 ,4.021084046712531e-05  ,8.042168093425062e-05  ,3.940456645360028  ,3.940456645360028  ,0.011555240138680922
825 ,0.64         ,93.76884765625 ,3.9268798544303616 ,3.9268798544303616 ,3.926839899302711  ,3.926839899302711  ,3.995512765042619e-05  ,7.991025530085238e-05  ,3.915318251495748  ,3.915318251495748  ,0.011561602934613724
827 ,0.64         ,94.40884765625 ,3.9019076454991746 ,3.9019076454991746 ,3.901867944458187  ,3.901867944458187  ,3.9701040987605296e-05 ,7.940208197521059e-05  ,3.890340229614452  ,3.890340229614452  ,0.011567415884722543
829 ,0.64         ,95.04884765625 ,3.877094242348154  ,3.8770942423481536 ,3.877054793778015  ,3.877054793778015  ,3.944857013893355e-05  ,7.88971402778671e-05   ,3.8655215566128707 ,3.8655215566128707 ,0.011572685735283361
831 ,0.64         ,95.68884765625 ,3.852438635083626  ,3.852438635083626  ,3.852399437378798  ,3.852399437378798  ,3.919770482774254e-05  ,7.839540965548508e-05  ,3.8408612159146878 ,3.8408612159146878 ,0.011577419168938174
833 ,0.64         ,96.32884765625 ,3.827939820234135  ,3.8279398202341346 ,3.8279008717992897 ,3.8279008717992897 ,3.894843484530952e-05  ,7.789686969061904e-05  ,3.8163581974289014 ,3.8163581974289014 ,0.011581622805233671
835 ,0.64         ,96.96884765625 ,3.8035968007096006 ,3.8035968007096006 ,3.803558099959556  ,3.803558099959556  ,3.870075004464013e-05  ,7.740150008928026e-05  ,3.792011497508447  ,3.792011497508447  ,0.011585303201153696
837 ,0.64         ,97.60884765625 ,3.7794085857607396 ,3.779408585760739  ,3.779370131120393  ,3.779370131120393  ,3.8454640346685665e-05 ,7.690928069337133e-05  ,3.7678201189090936 ,3.7678201189090936 ,0.01158846685164594
839 ,0.64         ,98.24884765625 ,3.755374190938739  ,3.7553741909387384 ,3.7553359808430047 ,3.7553359808430047 ,3.8210095734125815e-05 ,7.642019146825163e-05  ,3.7437830707485906 ,3.7437830707485906 ,0.011591120190148185
841 ,0.64         ,98.88884765625 ,3.731492638055193  ,3.7314926380551925 ,3.731454670948939  ,3.731454670948939  ,3.796710625403321e-05  ,7.593421250806642e-05  ,3.719899368466085  ,3.719899368466085  ,0.01159326958910789
843 ,0.64         ,99.52884765625 ,3.7077629551422895 ,3.7077629551422895 ,3.7077252294802725 ,3.7077252294802725 ,3.772566201698524e-05  ,7.545132403397048e-05  ,3.696168033781793  ,3.696168033781793  ,0.011594921360496446
846 ,0.32         ,99.84884765625 ,3.6959359600701163 ,3.6959359600701163 ,3.6959265286786236 ,3.6959265286786236 ,9.4313914926758e-06    ,1.88627829853516e-05   ,3.684359200284156  ,3.684359200284156  ,0.011576759785960178
